
/home/rozcoe/kamry/code/binaries/pico/bcm_rear.elf:     file format elf32-littlearm

Sections:
Idx Name          Size      VMA       LMA       File off  Algn
  0 .text         00002bcc  10000000  10000000  00001000  2**3
                  CONTENTS, ALLOC, LOAD, READONLY, CODE
  1 .rodata       00000380  10002bcc  10002bcc  00003bcc  2**2
                  CONTENTS, ALLOC, LOAD, READONLY, DATA
  2 .ARM.exidx    00000008  10002f4c  10002f4c  00003f4c  2**2
                  CONTENTS, ALLOC, LOAD, READONLY, DATA
  3 .binary_info  00000028  10002f54  10002f54  00003f54  2**2
                  CONTENTS, ALLOC, LOAD, READONLY, DATA
  4 .ram_vector_table 00000110  20000000  20000000  00006000  2**2
                  ALLOC
  5 .uninitialized_data 00000000  20000110  20000110  00005454  2**0
                  CONTENTS
  6 .data         000004c4  20000110  10002f7c  00004110  2**3
                  CONTENTS, ALLOC, LOAD, READONLY, CODE
  7 .tdata        00000000  200005d4  200005d4  00005454  2**0
                  CONTENTS, ALLOC, LOAD, DATA, THREAD_LOCAL
  8 .tbss         00000000  200005d4  200005d4  00000000  2**0
                  ALLOC, THREAD_LOCAL
  9 .bss          0000034c  200005d8  10003440  000055d8  2**3
                  ALLOC
 10 .heap         00000800  20000924  10003440  00005924  2**2
                  ALLOC, READONLY
 11 .scratch_x    00000000  20080000  20080000  00005454  2**0
                  CONTENTS
 12 .scratch_y    00000000  20081000  20081000  00005454  2**0
                  CONTENTS
 13 .stack_dummy  00000800  20081000  20081000  00006000  2**5
                  ALLOC, READONLY
 14 .flash_end    00000014  10003440  10003440  00005440  2**2
                  CONTENTS, ALLOC, LOAD, READONLY, DATA
 15 .ARM.attributes 00000034  00000000  00000000  00005454  2**0
                  CONTENTS, READONLY
 16 .comment      00000026  00000000  00000000  00005488  2**0
                  CONTENTS, READONLY
 17 .debug_info   000273a4  00000000  00000000  000054ae  2**0
                  CONTENTS, READONLY, DEBUGGING, OCTETS
 18 .debug_abbrev 00006173  00000000  00000000  0002c852  2**0
                  CONTENTS, READONLY, DEBUGGING, OCTETS
 19 .debug_loclists 00014d8e  00000000  00000000  000329c5  2**0
                  CONTENTS, READONLY, DEBUGGING, OCTETS
 20 .debug_aranges 00000c40  00000000  00000000  00047758  2**3
                  CONTENTS, READONLY, DEBUGGING, OCTETS
 21 .debug_rnglists 0000402c  00000000  00000000  00048398  2**0
                  CONTENTS, READONLY, DEBUGGING, OCTETS
 22 .debug_line   00017747  00000000  00000000  0004c3c4  2**0
                  CONTENTS, READONLY, DEBUGGING, OCTETS
 23 .debug_str    00006d63  00000000  00000000  00063b0b  2**0
                  CONTENTS, READONLY, DEBUGGING, OCTETS
 24 .debug_frame  00002154  00000000  00000000  0006a870  2**2
                  CONTENTS, READONLY, DEBUGGING, OCTETS
 25 .debug_line_str 000001c5  00000000  00000000  0006c9c4  2**0
                  CONTENTS, READONLY, DEBUGGING, OCTETS

/home/rozcoe/kamry/code/binaries/pico/bcm_rear.elf:     file format elf32-littlearm


Disassembly of section .text:

10000000 <__VECTOR_TABLE>:
10000000:	20082000 	.word	0x20082000
10000004:	1000015d 	.word	0x1000015d
10000008:	1000011b 	.word	0x1000011b
1000000c:	1000011d 	.word	0x1000011d
10000010:	10000111 	.word	0x10000111
10000014:	10000111 	.word	0x10000111
10000018:	10000111 	.word	0x10000111
1000001c:	10000111 	.word	0x10000111
10000020:	10000119 	.word	0x10000119
10000024:	10000119 	.word	0x10000119
10000028:	10000119 	.word	0x10000119
1000002c:	1000011f 	.word	0x1000011f
10000030:	10000111 	.word	0x10000111
10000034:	10000119 	.word	0x10000119
10000038:	10000121 	.word	0x10000121
1000003c:	10000123 	.word	0x10000123
10000040:	10000111 	.word	0x10000111
10000044:	10000111 	.word	0x10000111
10000048:	10000111 	.word	0x10000111
1000004c:	10000111 	.word	0x10000111
10000050:	10000111 	.word	0x10000111
10000054:	10000111 	.word	0x10000111
10000058:	10000111 	.word	0x10000111
1000005c:	10000111 	.word	0x10000111
10000060:	10000111 	.word	0x10000111
10000064:	10000111 	.word	0x10000111
10000068:	10000111 	.word	0x10000111
1000006c:	10000111 	.word	0x10000111
10000070:	10000111 	.word	0x10000111
10000074:	10000111 	.word	0x10000111
10000078:	10000111 	.word	0x10000111
1000007c:	10000111 	.word	0x10000111
10000080:	10000111 	.word	0x10000111
10000084:	10000111 	.word	0x10000111
10000088:	10000111 	.word	0x10000111
1000008c:	10000111 	.word	0x10000111
10000090:	10000111 	.word	0x10000111
10000094:	10000111 	.word	0x10000111
10000098:	10000111 	.word	0x10000111
1000009c:	10000111 	.word	0x10000111
100000a0:	10000111 	.word	0x10000111
100000a4:	10000111 	.word	0x10000111
100000a8:	10000111 	.word	0x10000111
100000ac:	10000111 	.word	0x10000111
100000b0:	10000111 	.word	0x10000111
100000b4:	10000111 	.word	0x10000111
100000b8:	10000111 	.word	0x10000111
100000bc:	10000111 	.word	0x10000111
100000c0:	10000111 	.word	0x10000111
100000c4:	10000111 	.word	0x10000111
100000c8:	10000111 	.word	0x10000111
100000cc:	10000111 	.word	0x10000111
100000d0:	10000111 	.word	0x10000111
100000d4:	10000111 	.word	0x10000111
100000d8:	10000111 	.word	0x10000111
100000dc:	10000111 	.word	0x10000111
100000e0:	10000111 	.word	0x10000111
100000e4:	10000111 	.word	0x10000111
100000e8:	10000111 	.word	0x10000111
100000ec:	10000111 	.word	0x10000111
100000f0:	10000111 	.word	0x10000111
100000f4:	10000111 	.word	0x10000111
100000f8:	10000111 	.word	0x10000111
100000fc:	10000111 	.word	0x10000111
10000100:	10000111 	.word	0x10000111
10000104:	10000111 	.word	0x10000111
10000108:	10000111 	.word	0x10000111
1000010c:	10000111 	.word	0x10000111

10000110 <__unhandled_user_irq>:
10000110:	f3ef 8005 	mrs	r0, IPSR
10000114:	3810      	subs	r0, #16

10000116 <unhandled_user_irq_num_in_r0>:
10000116:	be00      	bkpt	0x0000

10000118 <isr_invalid>:
10000118:	be00      	bkpt	0x0000

1000011a <isr_nmi>:
1000011a:	be00      	bkpt	0x0000

1000011c <isr_hardfault>:
1000011c:	be00      	bkpt	0x0000

1000011e <isr_svcall>:
1000011e:	be00      	bkpt	0x0000

10000120 <isr_pendsv>:
10000120:	be00      	bkpt	0x0000

10000122 <isr_systick>:
10000122:	be00      	bkpt	0x0000

10000124 <__default_isrs_end>:
10000124:	7188ebf2 	.word	0x7188ebf2
10000128:	10002f54 	.word	0x10002f54
1000012c:	10002f7c 	.word	0x10002f7c
10000130:	100001a0 	.word	0x100001a0
10000134:	e71aa390 	.word	0xe71aa390

10000138 <__binary_info_header_end>:
10000138:	ffffded3 	.word	0xffffded3
1000013c:	10210142 	.word	0x10210142
10000140:	000001ff 	.word	0x000001ff
10000144:	00003308 	.word	0x00003308
10000148:	ab123579 	.word	0xab123579

1000014c <_entry_point>:
1000014c:	f04f 0000 	mov.w	r0, #0

10000150 <_enter_vtable_in_r0>:
10000150:	491e      	ldr	r1, [pc, #120]	@ (100001cc <data_cpy_table+0x2c>)
10000152:	6008      	str	r0, [r1, #0]
10000154:	c806      	ldmia	r0!, {r1, r2}
10000156:	f381 8808 	msr	MSP, r1
1000015a:	4710      	bx	r2

1000015c <_reset_handler>:
1000015c:	f04f 4050 	mov.w	r0, #3489660928	@ 0xd0000000
10000160:	6800      	ldr	r0, [r0, #0]
10000162:	b110      	cbz	r0, 1000016a <hold_non_core0_in_bootrom+0x6>

10000164 <hold_non_core0_in_bootrom>:
10000164:	f04f 0000 	mov.w	r0, #0
10000168:	e7f2      	b.n	10000150 <_enter_vtable_in_r0>
1000016a:	a40d      	add	r4, pc, #52	@ (adr r4, 100001a0 <data_cpy_table>)
1000016c:	cc0e      	ldmia	r4!, {r1, r2, r3}
1000016e:	2900      	cmp	r1, #0
10000170:	d002      	beq.n	10000178 <hold_non_core0_in_bootrom+0x14>
10000172:	f000 f812 	bl	1000019a <data_cpy>
10000176:	e7f9      	b.n	1000016c <hold_non_core0_in_bootrom+0x8>
10000178:	4915      	ldr	r1, [pc, #84]	@ (100001d0 <data_cpy_table+0x30>)
1000017a:	4a16      	ldr	r2, [pc, #88]	@ (100001d4 <data_cpy_table+0x34>)
1000017c:	2000      	movs	r0, #0
1000017e:	e000      	b.n	10000182 <bss_fill_test>

10000180 <bss_fill_loop>:
10000180:	c101      	stmia	r1!, {r0}

10000182 <bss_fill_test>:
10000182:	4291      	cmp	r1, r2
10000184:	d1fc      	bne.n	10000180 <bss_fill_loop>

10000186 <platform_entry>:
10000186:	4914      	ldr	r1, [pc, #80]	@ (100001d8 <data_cpy_table+0x38>)
10000188:	4788      	blx	r1
1000018a:	4914      	ldr	r1, [pc, #80]	@ (100001dc <data_cpy_table+0x3c>)
1000018c:	4788      	blx	r1
1000018e:	4914      	ldr	r1, [pc, #80]	@ (100001e0 <data_cpy_table+0x40>)
10000190:	4788      	blx	r1
10000192:	be00      	bkpt	0x0000
10000194:	e7fd      	b.n	10000192 <platform_entry+0xc>

10000196 <data_cpy_loop>:
10000196:	c901      	ldmia	r1!, {r0}
10000198:	c201      	stmia	r2!, {r0}

1000019a <data_cpy>:
1000019a:	429a      	cmp	r2, r3
1000019c:	d3fb      	bcc.n	10000196 <data_cpy_loop>
1000019e:	4770      	bx	lr

100001a0 <data_cpy_table>:
100001a0:	10002f7c 	.word	0x10002f7c
100001a4:	20000110 	.word	0x20000110
100001a8:	200005d4 	.word	0x200005d4
100001ac:	10003440 	.word	0x10003440
100001b0:	20080000 	.word	0x20080000
100001b4:	20080000 	.word	0x20080000
100001b8:	10003440 	.word	0x10003440
100001bc:	20081000 	.word	0x20081000
100001c0:	20081000 	.word	0x20081000
100001c4:	00000000 	.word	0x00000000
100001c8:	4770      	bx	lr
100001ca:	0000      	.short	0x0000
100001cc:	e000ed08 	.word	0xe000ed08
100001d0:	200005d4 	.word	0x200005d4
100001d4:	20000924 	.word	0x20000924
100001d8:	10001591 	.word	0x10001591
100001dc:	1000029d 	.word	0x1000029d
100001e0:	10001589 	.word	0x10001589

100001e4 <_init>:
100001e4:	b5f8      	push	{r3, r4, r5, r6, r7, lr}
100001e6:	bf00      	nop

100001e8 <deregister_tm_clones>:
100001e8:	4803      	ldr	r0, [pc, #12]	@ (100001f8 <deregister_tm_clones+0x10>)
100001ea:	4b04      	ldr	r3, [pc, #16]	@ (100001fc <deregister_tm_clones+0x14>)
100001ec:	4283      	cmp	r3, r0
100001ee:	d002      	beq.n	100001f6 <deregister_tm_clones+0xe>
100001f0:	4b03      	ldr	r3, [pc, #12]	@ (10000200 <deregister_tm_clones+0x18>)
100001f2:	b103      	cbz	r3, 100001f6 <deregister_tm_clones+0xe>
100001f4:	4718      	bx	r3
100001f6:	4770      	bx	lr
100001f8:	200005d4 	.word	0x200005d4
100001fc:	200005d4 	.word	0x200005d4
10000200:	00000000 	.word	0x00000000

10000204 <register_tm_clones>:
10000204:	4b06      	ldr	r3, [pc, #24]	@ (10000220 <register_tm_clones+0x1c>)
10000206:	4907      	ldr	r1, [pc, #28]	@ (10000224 <register_tm_clones+0x20>)
10000208:	1ac9      	subs	r1, r1, r3
1000020a:	1089      	asrs	r1, r1, #2
1000020c:	bf48      	it	mi
1000020e:	3101      	addmi	r1, #1
10000210:	1049      	asrs	r1, r1, #1
10000212:	d003      	beq.n	1000021c <register_tm_clones+0x18>
10000214:	4b04      	ldr	r3, [pc, #16]	@ (10000228 <register_tm_clones+0x24>)
10000216:	b10b      	cbz	r3, 1000021c <register_tm_clones+0x18>
10000218:	4801      	ldr	r0, [pc, #4]	@ (10000220 <register_tm_clones+0x1c>)
1000021a:	4718      	bx	r3
1000021c:	4770      	bx	lr
1000021e:	bf00      	nop
10000220:	200005d4 	.word	0x200005d4
10000224:	200005d4 	.word	0x200005d4
10000228:	00000000 	.word	0x00000000

1000022c <__do_global_dtors_aux>:
1000022c:	b510      	push	{r4, lr}
1000022e:	4c06      	ldr	r4, [pc, #24]	@ (10000248 <__do_global_dtors_aux+0x1c>)
10000230:	7823      	ldrb	r3, [r4, #0]
10000232:	b943      	cbnz	r3, 10000246 <__do_global_dtors_aux+0x1a>
10000234:	f7ff ffd8 	bl	100001e8 <deregister_tm_clones>
10000238:	4b04      	ldr	r3, [pc, #16]	@ (1000024c <__do_global_dtors_aux+0x20>)
1000023a:	b113      	cbz	r3, 10000242 <__do_global_dtors_aux+0x16>
1000023c:	4804      	ldr	r0, [pc, #16]	@ (10000250 <__do_global_dtors_aux+0x24>)
1000023e:	f3af 8000 	nop.w
10000242:	2301      	movs	r3, #1
10000244:	7023      	strb	r3, [r4, #0]
10000246:	bd10      	pop	{r4, pc}
10000248:	20000758 	.word	0x20000758
1000024c:	00000000 	.word	0x00000000
10000250:	10002bcc 	.word	0x10002bcc

10000254 <frame_dummy>:
10000254:	b508      	push	{r3, lr}
10000256:	4b04      	ldr	r3, [pc, #16]	@ (10000268 <frame_dummy+0x14>)
10000258:	b11b      	cbz	r3, 10000262 <frame_dummy+0xe>
1000025a:	4904      	ldr	r1, [pc, #16]	@ (1000026c <frame_dummy+0x18>)
1000025c:	4804      	ldr	r0, [pc, #16]	@ (10000270 <frame_dummy+0x1c>)
1000025e:	f3af 8000 	nop.w
10000262:	e8bd 4008 	ldmia.w	sp!, {r3, lr}
10000266:	e7cd      	b.n	10000204 <register_tm_clones>
10000268:	00000000 	.word	0x00000000
1000026c:	2000075c 	.word	0x2000075c
10000270:	10002bcc 	.word	0x10002bcc

10000274 <_ZL15pio_irq_handlerv>:
10000274:	4801      	ldr	r0, [pc, #4]	@ (1000027c <_ZL15pio_irq_handlerv+0x8>)
10000276:	f001 be31 	b.w	10001edc <can2040_pio_irq_handler>
1000027a:	bf00      	nop
1000027c:	20000774 	.word	0x20000774

10000280 <_ZL19can2040_rx_callbackP7can2040mP11can2040_msg>:
10000280:	02cb      	lsls	r3, r1, #11
10000282:	d503      	bpl.n	1000028c <_ZL19can2040_rx_callbackP7can2040mP11can2040_msg+0xc>
10000284:	6813      	ldr	r3, [r2, #0]
10000286:	f5b3 7f44 	cmp.w	r3, #784	@ 0x310
1000028a:	d000      	beq.n	1000028e <_ZL19can2040_rx_callbackP7can2040mP11can2040_msg+0xe>
1000028c:	4770      	bx	lr
1000028e:	4b02      	ldr	r3, [pc, #8]	@ (10000298 <_ZL19can2040_rx_callbackP7can2040mP11can2040_msg+0x18>)
10000290:	6890      	ldr	r0, [r2, #8]
10000292:	68d1      	ldr	r1, [r2, #12]
10000294:	c303      	stmia	r3!, {r0, r1}
10000296:	4770      	bx	lr
10000298:	200008ec 	.word	0x200008ec

1000029c <main>:
1000029c:	e92d 41f0 	stmdb	sp!, {r4, r5, r6, r7, r8, lr}
100002a0:	2405      	movs	r4, #5
100002a2:	b082      	sub	sp, #8
100002a4:	f001 fa72 	bl	1000178c <stdio_init_all>
100002a8:	2100      	movs	r1, #0
100002aa:	4842      	ldr	r0, [pc, #264]	@ (100003b4 <main+0x118>)
100002ac:	f002 fab4 	bl	10002818 <can2040_setup>
100002b0:	4941      	ldr	r1, [pc, #260]	@ (100003b8 <main+0x11c>)
100002b2:	4840      	ldr	r0, [pc, #256]	@ (100003b4 <main+0x118>)
100002b4:	f002 face 	bl	10002854 <can2040_callback_config>
100002b8:	200f      	movs	r0, #15
100002ba:	4940      	ldr	r1, [pc, #256]	@ (100003bc <main+0x120>)
100002bc:	f000 f97a 	bl	100005b4 <irq_set_exclusive_handler>
100002c0:	2101      	movs	r1, #1
100002c2:	200f      	movs	r0, #15
100002c4:	f000 f960 	bl	10000588 <irq_set_enabled>
100002c8:	2304      	movs	r3, #4
100002ca:	4a3d      	ldr	r2, [pc, #244]	@ (100003c0 <main+0x124>)
100002cc:	493d      	ldr	r1, [pc, #244]	@ (100003c4 <main+0x128>)
100002ce:	4839      	ldr	r0, [pc, #228]	@ (100003b4 <main+0x118>)
100002d0:	9400      	str	r4, [sp, #0]
100002d2:	f002 fac1 	bl	10002858 <can2040_start>
100002d6:	2007      	movs	r0, #7
100002d8:	f000 f8ae 	bl	10000438 <gpio_init>
100002dc:	f04f 0600 	mov.w	r6, #0
100002e0:	2007      	movs	r0, #7
100002e2:	ec46 0044 	gpioc_bit_oe_put r0, r6
100002e6:	2200      	movs	r2, #0
100002e8:	2101      	movs	r1, #1
100002ea:	f000 f891 	bl	10000410 <gpio_set_pulls>
100002ee:	f04f 0801 	mov.w	r8, #1
100002f2:	4d35      	ldr	r5, [pc, #212]	@ (100003c8 <main+0x12c>)
100002f4:	f105 071c 	add.w	r7, r5, #28
100002f8:	f855 4b04 	ldr.w	r4, [r5], #4
100002fc:	4620      	mov	r0, r4
100002fe:	f000 f89b 	bl	10000438 <gpio_init>
10000302:	ec48 4044 	gpioc_bit_oe_put r4, r8
10000306:	ec46 4040 	gpioc_bit_out_put r4, r6
1000030a:	42bd      	cmp	r5, r7
1000030c:	d1f4      	bne.n	100002f8 <main+0x5c>
1000030e:	f04f 0601 	mov.w	r6, #1
10000312:	f04f 0700 	mov.w	r7, #0
10000316:	4c2d      	ldr	r4, [pc, #180]	@ (100003cc <main+0x130>)
10000318:	4d2d      	ldr	r5, [pc, #180]	@ (100003d0 <main+0x134>)
1000031a:	7823      	ldrb	r3, [r4, #0]
1000031c:	0798      	lsls	r0, r3, #30
1000031e:	d005      	beq.n	1000032c <main+0x90>
10000320:	2202      	movs	r2, #2
10000322:	ec46 2040 	gpioc_bit_out_put r2, r6
10000326:	2203      	movs	r2, #3
10000328:	ec46 2040 	gpioc_bit_out_put r2, r6
1000032c:	2208      	movs	r2, #8
1000032e:	f3c3 1300 	ubfx	r3, r3, #4, #1
10000332:	ec43 2040 	gpioc_bit_out_put r2, r3
10000336:	2209      	movs	r2, #9
10000338:	ec43 2040 	gpioc_bit_out_put r2, r3
1000033c:	f000 fe34 	bl	10000fa8 <time_us_64>
10000340:	4603      	mov	r3, r0
10000342:	b1c1      	cbz	r1, 10000376 <main+0xda>
10000344:	f44f 727a 	mov.w	r2, #1000	@ 0x3e8
10000348:	2300      	movs	r3, #0
1000034a:	f002 fc11 	bl	10002b70 <____aeabi_uldivmod_veneer>
1000034e:	fba5 3000 	umull	r3, r0, r5, r0
10000352:	f994 2000 	ldrsb.w	r2, [r4]
10000356:	7823      	ldrb	r3, [r4, #0]
10000358:	2a00      	cmp	r2, #0
1000035a:	f3c0 1040 	ubfx	r0, r0, #5, #1
1000035e:	db16      	blt.n	1000038e <main+0xf2>
10000360:	0759      	lsls	r1, r3, #29
10000362:	d51c      	bpl.n	1000039e <main+0x102>
10000364:	b958      	cbnz	r0, 1000037e <main+0xe2>
10000366:	2201      	movs	r2, #1
10000368:	ec42 0040 	gpioc_bit_out_put r0, r2
1000036c:	ec47 2040 	gpioc_bit_out_put r2, r7
10000370:	0798      	lsls	r0, r3, #30
10000372:	d0db      	beq.n	1000032c <main+0x90>
10000374:	e7d4      	b.n	10000320 <main+0x84>
10000376:	fba5 3003 	umull	r3, r0, r5, r3
1000037a:	0980      	lsrs	r0, r0, #6
1000037c:	e7e7      	b.n	1000034e <main+0xb2>
1000037e:	2100      	movs	r1, #0
10000380:	460a      	mov	r2, r1
10000382:	ec41 1040 	gpioc_bit_out_put r1, r1
10000386:	2101      	movs	r1, #1
10000388:	ec42 1040 	gpioc_bit_out_put r1, r2
1000038c:	e7c6      	b.n	1000031c <main+0x80>
1000038e:	2800      	cmp	r0, #0
10000390:	d1f5      	bne.n	1000037e <main+0xe2>
10000392:	2201      	movs	r2, #1
10000394:	ec42 0040 	gpioc_bit_out_put r0, r2
10000398:	ec42 2040 	gpioc_bit_out_put r2, r2
1000039c:	e7be      	b.n	1000031c <main+0x80>
1000039e:	071a      	lsls	r2, r3, #28
100003a0:	d5ed      	bpl.n	1000037e <main+0xe2>
100003a2:	2800      	cmp	r0, #0
100003a4:	d1eb      	bne.n	1000037e <main+0xe2>
100003a6:	ec47 0040 	gpioc_bit_out_put r0, r7
100003aa:	2201      	movs	r2, #1
100003ac:	ec42 2040 	gpioc_bit_out_put r2, r2
100003b0:	e7b4      	b.n	1000031c <main+0x80>
100003b2:	bf00      	nop
100003b4:	20000774 	.word	0x20000774
100003b8:	10000281 	.word	0x10000281
100003bc:	10000275 	.word	0x10000275
100003c0:	0007a120 	.word	0x0007a120
100003c4:	07735940 	.word	0x07735940
100003c8:	10002bcc 	.word	0x10002bcc
100003cc:	200008ec 	.word	0x200008ec
100003d0:	10624dd3 	.word	0x10624dd3

100003d4 <gpio_set_function>:
100003d4:	b410      	push	{r4}
100003d6:	f44f 7480 	mov.w	r4, #256	@ 0x100
100003da:	4b0c      	ldr	r3, [pc, #48]	@ (1000040c <gpio_set_function+0x38>)
100003dc:	f853 2020 	ldr.w	r2, [r3, r0, lsl #2]
100003e0:	eb03 0380 	add.w	r3, r3, r0, lsl #2
100003e4:	00c0      	lsls	r0, r0, #3
100003e6:	f082 0240 	eor.w	r2, r2, #64	@ 0x40
100003ea:	f100 4080 	add.w	r0, r0, #1073741824	@ 0x40000000
100003ee:	f503 5c80 	add.w	ip, r3, #4096	@ 0x1000
100003f2:	f002 02c0 	and.w	r2, r2, #192	@ 0xc0
100003f6:	f500 3020 	add.w	r0, r0, #163840	@ 0x28000
100003fa:	f503 5340 	add.w	r3, r3, #12288	@ 0x3000
100003fe:	f8cc 2000 	str.w	r2, [ip]
10000402:	6041      	str	r1, [r0, #4]
10000404:	601c      	str	r4, [r3, #0]
10000406:	f85d 4b04 	ldr.w	r4, [sp], #4
1000040a:	4770      	bx	lr
1000040c:	40038004 	.word	0x40038004

10000410 <gpio_set_pulls>:
10000410:	b410      	push	{r4}
10000412:	4c08      	ldr	r4, [pc, #32]	@ (10000434 <gpio_set_pulls+0x24>)
10000414:	00c9      	lsls	r1, r1, #3
10000416:	ea41 0182 	orr.w	r1, r1, r2, lsl #2
1000041a:	f854 2020 	ldr.w	r2, [r4, r0, lsl #2]
1000041e:	eb04 0380 	add.w	r3, r4, r0, lsl #2
10000422:	4051      	eors	r1, r2
10000424:	f503 5380 	add.w	r3, r3, #4096	@ 0x1000
10000428:	f001 010c 	and.w	r1, r1, #12
1000042c:	f85d 4b04 	ldr.w	r4, [sp], #4
10000430:	6019      	str	r1, [r3, #0]
10000432:	4770      	bx	lr
10000434:	40038004 	.word	0x40038004

10000438 <gpio_init>:
10000438:	b430      	push	{r4, r5}
1000043a:	f04f 0300 	mov.w	r3, #0
1000043e:	ec43 0044 	gpioc_bit_oe_put r0, r3
10000442:	ec43 0040 	gpioc_bit_out_put r0, r3
10000446:	2505      	movs	r5, #5
10000448:	f44f 7480 	mov.w	r4, #256	@ 0x100
1000044c:	4b0b      	ldr	r3, [pc, #44]	@ (1000047c <gpio_init+0x44>)
1000044e:	00c2      	lsls	r2, r0, #3
10000450:	f853 1020 	ldr.w	r1, [r3, r0, lsl #2]
10000454:	eb03 0080 	add.w	r0, r3, r0, lsl #2
10000458:	f081 0140 	eor.w	r1, r1, #64	@ 0x40
1000045c:	f102 4380 	add.w	r3, r2, #1073741824	@ 0x40000000
10000460:	f503 3320 	add.w	r3, r3, #163840	@ 0x28000
10000464:	f001 02c0 	and.w	r2, r1, #192	@ 0xc0
10000468:	f500 5180 	add.w	r1, r0, #4096	@ 0x1000
1000046c:	f500 5040 	add.w	r0, r0, #12288	@ 0x3000
10000470:	600a      	str	r2, [r1, #0]
10000472:	605d      	str	r5, [r3, #4]
10000474:	6004      	str	r4, [r0, #0]
10000476:	bc30      	pop	{r4, r5}
10000478:	4770      	bx	lr
1000047a:	bf00      	nop
1000047c:	40038004 	.word	0x40038004

10000480 <panic>:
10000480:	b40f      	push	{r0, r1, r2, r3}
10000482:	b500      	push	{lr}
10000484:	b083      	sub	sp, #12
10000486:	9c04      	ldr	r4, [sp, #16]
10000488:	4807      	ldr	r0, [pc, #28]	@ (100004a8 <panic+0x28>)
1000048a:	f001 f9c7 	bl	1000181c <__wrap_puts>
1000048e:	b13c      	cbz	r4, 100004a0 <panic+0x20>
10000490:	a905      	add	r1, sp, #20
10000492:	4620      	mov	r0, r4
10000494:	9101      	str	r1, [sp, #4]
10000496:	f001 f85d 	bl	10001554 <weak_raw_vprintf>
1000049a:	4804      	ldr	r0, [pc, #16]	@ (100004ac <panic+0x2c>)
1000049c:	f001 f9be 	bl	1000181c <__wrap_puts>
100004a0:	2001      	movs	r0, #1
100004a2:	f001 f86f 	bl	10001584 <_exit>
100004a6:	bf00      	nop
100004a8:	10002be8 	.word	0x10002be8
100004ac:	10002bf8 	.word	0x10002bf8

100004b0 <hw_claim_or_assert>:
100004b0:	b570      	push	{r4, r5, r6, lr}
100004b2:	4686      	mov	lr, r0
100004b4:	f3ef 8510 	mrs	r5, PRIMASK
100004b8:	b672      	cpsid	i
100004ba:	4c12      	ldr	r4, [pc, #72]	@ (10000504 <hw_claim_or_assert+0x54>)
100004bc:	e8d4 6fcf 	ldaexb	r6, [r4]
100004c0:	2001      	movs	r0, #1
100004c2:	2e00      	cmp	r6, #0
100004c4:	d1fa      	bne.n	100004bc <hw_claim_or_assert+0xc>
100004c6:	e8c4 0f46 	strexb	r6, r0, [r4]
100004ca:	2e00      	cmp	r6, #0
100004cc:	d1f6      	bne.n	100004bc <hw_claim_or_assert+0xc>
100004ce:	f3bf 8f5f 	dmb	sy
100004d2:	f04f 0c01 	mov.w	ip, #1
100004d6:	08c8      	lsrs	r0, r1, #3
100004d8:	f001 0307 	and.w	r3, r1, #7
100004dc:	fa0c f303 	lsl.w	r3, ip, r3
100004e0:	f81e c000 	ldrb.w	ip, [lr, r0]
100004e4:	ea1c 0603 	ands.w	r6, ip, r3
100004e8:	d108      	bne.n	100004fc <hw_claim_or_assert+0x4c>
100004ea:	ea4c 0c03 	orr.w	ip, ip, r3
100004ee:	f80e c000 	strb.w	ip, [lr, r0]
100004f2:	e8c4 6f8f 	stlb	r6, [r4]
100004f6:	f385 8810 	msr	PRIMASK, r5
100004fa:	bd70      	pop	{r4, r5, r6, pc}
100004fc:	4610      	mov	r0, r2
100004fe:	f7ff ffbf 	bl	10000480 <panic>
10000502:	bf00      	nop
10000504:	20000897 	.word	0x20000897

10000508 <next_striped_spin_lock_num>:
10000508:	4a04      	ldr	r2, [pc, #16]	@ (1000051c <next_striped_spin_lock_num+0x14>)
1000050a:	7810      	ldrb	r0, [r2, #0]
1000050c:	1c43      	adds	r3, r0, #1
1000050e:	b2db      	uxtb	r3, r3
10000510:	2b18      	cmp	r3, #24
10000512:	bf28      	it	cs
10000514:	2310      	movcs	r3, #16
10000516:	7013      	strb	r3, [r2, #0]
10000518:	4770      	bx	lr
1000051a:	bf00      	nop
1000051c:	20000550 	.word	0x20000550

10000520 <spinlock_set_extexclall>:
10000520:	f04f 22e0 	mov.w	r2, #3758153728	@ 0xe000e000
10000524:	6893      	ldr	r3, [r2, #8]
10000526:	f043 5300 	orr.w	r3, r3, #536870912	@ 0x20000000
1000052a:	6093      	str	r3, [r2, #8]
1000052c:	4770      	bx	lr
1000052e:	bf00      	nop

10000530 <spin_locks_reset>:
10000530:	2100      	movs	r1, #0
10000532:	4b04      	ldr	r3, [pc, #16]	@ (10000544 <spin_locks_reset+0x14>)
10000534:	f103 0220 	add.w	r2, r3, #32
10000538:	e8c3 1f8f 	stlb	r1, [r3]
1000053c:	3301      	adds	r3, #1
1000053e:	4293      	cmp	r3, r2
10000540:	d1fa      	bne.n	10000538 <spin_locks_reset+0x8>
10000542:	4770      	bx	lr
10000544:	2000088c 	.word	0x2000088c

10000548 <runtime_init_per_core_irq_priorities>:
10000548:	f04f 23e0 	mov.w	r3, #3758153728	@ 0xe000e000
1000054c:	f04f 3280 	mov.w	r2, #2155905152	@ 0x80808080
10000550:	f8c3 2400 	str.w	r2, [r3, #1024]	@ 0x400
10000554:	f8c3 2404 	str.w	r2, [r3, #1028]	@ 0x404
10000558:	f8c3 2408 	str.w	r2, [r3, #1032]	@ 0x408
1000055c:	f8c3 240c 	str.w	r2, [r3, #1036]	@ 0x40c
10000560:	f8c3 2410 	str.w	r2, [r3, #1040]	@ 0x410
10000564:	f8c3 2414 	str.w	r2, [r3, #1044]	@ 0x414
10000568:	f8c3 2418 	str.w	r2, [r3, #1048]	@ 0x418
1000056c:	f8c3 241c 	str.w	r2, [r3, #1052]	@ 0x41c
10000570:	f8c3 2420 	str.w	r2, [r3, #1056]	@ 0x420
10000574:	f8c3 2424 	str.w	r2, [r3, #1060]	@ 0x424
10000578:	f8c3 2428 	str.w	r2, [r3, #1064]	@ 0x428
1000057c:	f8c3 242c 	str.w	r2, [r3, #1068]	@ 0x42c
10000580:	f8c3 2430 	str.w	r2, [r3, #1072]	@ 0x430
10000584:	b662      	cpsie	i
10000586:	4770      	bx	lr

10000588 <irq_set_enabled>:
10000588:	2301      	movs	r3, #1
1000058a:	f000 021f 	and.w	r2, r0, #31
1000058e:	4093      	lsls	r3, r2
10000590:	0940      	lsrs	r0, r0, #5
10000592:	b141      	cbz	r1, 100005a6 <irq_set_enabled+0x1e>
10000594:	0080      	lsls	r0, r0, #2
10000596:	f100 4060 	add.w	r0, r0, #3758096384	@ 0xe0000000
1000059a:	f500 4061 	add.w	r0, r0, #57600	@ 0xe100
1000059e:	f8c0 3180 	str.w	r3, [r0, #384]	@ 0x180
100005a2:	6003      	str	r3, [r0, #0]
100005a4:	4770      	bx	lr
100005a6:	4a02      	ldr	r2, [pc, #8]	@ (100005b0 <irq_set_enabled+0x28>)
100005a8:	3020      	adds	r0, #32
100005aa:	f842 3020 	str.w	r3, [r2, r0, lsl #2]
100005ae:	4770      	bx	lr
100005b0:	e000e100 	.word	0xe000e100

100005b4 <irq_set_exclusive_handler>:
100005b4:	b5f8      	push	{r3, r4, r5, r6, r7, lr}
100005b6:	460d      	mov	r5, r1
100005b8:	f3ef 8710 	mrs	r7, PRIMASK
100005bc:	b672      	cpsid	i
100005be:	4e12      	ldr	r6, [pc, #72]	@ (10000608 <irq_set_exclusive_handler+0x54>)
100005c0:	e8d6 2fcf 	ldaexb	r2, [r6]
100005c4:	2301      	movs	r3, #1
100005c6:	2a00      	cmp	r2, #0
100005c8:	d1fa      	bne.n	100005c0 <irq_set_exclusive_handler+0xc>
100005ca:	e8c6 3f42 	strexb	r2, r3, [r6]
100005ce:	2a00      	cmp	r2, #0
100005d0:	d1f6      	bne.n	100005c0 <irq_set_exclusive_handler+0xc>
100005d2:	f3bf 8f5f 	dmb	sy
100005d6:	4b0d      	ldr	r3, [pc, #52]	@ (1000060c <irq_set_exclusive_handler+0x58>)
100005d8:	f100 0410 	add.w	r4, r0, #16
100005dc:	689b      	ldr	r3, [r3, #8]
100005de:	4a0c      	ldr	r2, [pc, #48]	@ (10000610 <irq_set_exclusive_handler+0x5c>)
100005e0:	f853 3024 	ldr.w	r3, [r3, r4, lsl #2]
100005e4:	4293      	cmp	r3, r2
100005e6:	d003      	beq.n	100005f0 <irq_set_exclusive_handler+0x3c>
100005e8:	4299      	cmp	r1, r3
100005ea:	d001      	beq.n	100005f0 <irq_set_exclusive_handler+0x3c>
100005ec:	f000 fe94 	bl	10001318 <hard_assertion_failure>
100005f0:	4b06      	ldr	r3, [pc, #24]	@ (1000060c <irq_set_exclusive_handler+0x58>)
100005f2:	689b      	ldr	r3, [r3, #8]
100005f4:	f843 5024 	str.w	r5, [r3, r4, lsl #2]
100005f8:	f3bf 8f5f 	dmb	sy
100005fc:	2300      	movs	r3, #0
100005fe:	e8c6 3f8f 	stlb	r3, [r6]
10000602:	f387 8810 	msr	PRIMASK, r7
10000606:	bdf8      	pop	{r3, r4, r5, r6, r7, pc}
10000608:	20000895 	.word	0x20000895
1000060c:	e000ed00 	.word	0xe000ed00
10000610:	10000111 	.word	0x10000111

10000614 <irq_remove_handler>:
10000614:	e92d 4ff0 	stmdb	sp!, {r4, r5, r6, r7, r8, r9, sl, fp, lr}
10000618:	b083      	sub	sp, #12
1000061a:	f3ef 8a10 	mrs	sl, PRIMASK
1000061e:	b672      	cpsid	i
10000620:	4e74      	ldr	r6, [pc, #464]	@ (100007f4 <irq_remove_handler+0x1e0>)
10000622:	e8d6 2fcf 	ldaexb	r2, [r6]
10000626:	2301      	movs	r3, #1
10000628:	2a00      	cmp	r2, #0
1000062a:	d1fa      	bne.n	10000622 <irq_remove_handler+0xe>
1000062c:	e8c6 3f42 	strexb	r2, r3, [r6]
10000630:	2a00      	cmp	r2, #0
10000632:	d1f6      	bne.n	10000622 <irq_remove_handler+0xe>
10000634:	f3bf 8f5f 	dmb	sy
10000638:	4b6f      	ldr	r3, [pc, #444]	@ (100007f8 <irq_remove_handler+0x1e4>)
1000063a:	f100 0810 	add.w	r8, r0, #16
1000063e:	689b      	ldr	r3, [r3, #8]
10000640:	4a6e      	ldr	r2, [pc, #440]	@ (100007fc <irq_remove_handler+0x1e8>)
10000642:	f853 5028 	ldr.w	r5, [r3, r8, lsl #2]
10000646:	4295      	cmp	r5, r2
10000648:	d03f      	beq.n	100006ca <irq_remove_handler+0xb6>
1000064a:	428d      	cmp	r5, r1
1000064c:	460c      	mov	r4, r1
1000064e:	d04a      	beq.n	100006e6 <irq_remove_handler+0xd2>
10000650:	4f6b      	ldr	r7, [pc, #428]	@ (10000800 <irq_remove_handler+0x1ec>)
10000652:	1beb      	subs	r3, r5, r7
10000654:	2b2f      	cmp	r3, #47	@ 0x2f
10000656:	d838      	bhi.n	100006ca <irq_remove_handler+0xb6>
10000658:	2101      	movs	r1, #1
1000065a:	ea4f 1950 	mov.w	r9, r0, lsr #5
1000065e:	ea4f 0989 	mov.w	r9, r9, lsl #2
10000662:	f109 4960 	add.w	r9, r9, #3758096384	@ 0xe0000000
10000666:	f509 4961 	add.w	r9, r9, #57600	@ 0xe100
1000066a:	f000 031f 	and.w	r3, r0, #31
1000066e:	fa01 f003 	lsl.w	r0, r1, r3
10000672:	f8d9 3000 	ldr.w	r3, [r9]
10000676:	f8c9 0080 	str.w	r0, [r9, #128]	@ 0x80
1000067a:	ea00 0b03 	and.w	fp, r0, r3
1000067e:	f3bf 8f5f 	dmb	sy
10000682:	f3ef 8105 	mrs	r1, IPSR
10000686:	b2c9      	uxtb	r1, r1
10000688:	b379      	cbz	r1, 100006ea <irq_remove_handler+0xd6>
1000068a:	4588      	cmp	r8, r1
1000068c:	d177      	bne.n	1000077e <irq_remove_handler+0x16a>
1000068e:	f025 0e01 	bic.w	lr, r5, #1
10000692:	f8de c008 	ldr.w	ip, [lr, #8]
10000696:	4564      	cmp	r4, ip
10000698:	d105      	bne.n	100006a6 <irq_remove_handler+0x92>
1000069a:	e07c      	b.n	10000796 <irq_remove_handler+0x182>
1000069c:	f8d3 c008 	ldr.w	ip, [r3, #8]
100006a0:	4564      	cmp	r4, ip
100006a2:	d032      	beq.n	1000070a <irq_remove_handler+0xf6>
100006a4:	469e      	mov	lr, r3
100006a6:	f99e 2006 	ldrsb.w	r2, [lr, #6]
100006aa:	eb02 0342 	add.w	r3, r2, r2, lsl #1
100006ae:	2a00      	cmp	r2, #0
100006b0:	eb07 0383 	add.w	r3, r7, r3, lsl #2
100006b4:	daf2      	bge.n	1000069c <irq_remove_handler+0x88>
100006b6:	4564      	cmp	r4, ip
100006b8:	f000 8081 	beq.w	100007be <irq_remove_handler+0x1aa>
100006bc:	f1bb 0f00 	cmp.w	fp, #0
100006c0:	d020      	beq.n	10000704 <irq_remove_handler+0xf0>
100006c2:	f8c9 0180 	str.w	r0, [r9, #384]	@ 0x180
100006c6:	f8c9 0000 	str.w	r0, [r9]
100006ca:	4b4b      	ldr	r3, [pc, #300]	@ (100007f8 <irq_remove_handler+0x1e4>)
100006cc:	689b      	ldr	r3, [r3, #8]
100006ce:	f843 5028 	str.w	r5, [r3, r8, lsl #2]
100006d2:	f3bf 8f5f 	dmb	sy
100006d6:	2300      	movs	r3, #0
100006d8:	e8c6 3f8f 	stlb	r3, [r6]
100006dc:	f38a 8810 	msr	PRIMASK, sl
100006e0:	b003      	add	sp, #12
100006e2:	e8bd 8ff0 	ldmia.w	sp!, {r4, r5, r6, r7, r8, r9, sl, fp, pc}
100006e6:	4615      	mov	r5, r2
100006e8:	e7ef      	b.n	100006ca <irq_remove_handler+0xb6>
100006ea:	f025 0e01 	bic.w	lr, r5, #1
100006ee:	f8de c008 	ldr.w	ip, [lr, #8]
100006f2:	4564      	cmp	r4, ip
100006f4:	d1d7      	bne.n	100006a6 <irq_remove_handler+0x92>
100006f6:	f99e 4006 	ldrsb.w	r4, [lr, #6]
100006fa:	4673      	mov	r3, lr
100006fc:	2c00      	cmp	r4, #0
100006fe:	da08      	bge.n	10000712 <irq_remove_handler+0xfe>
10000700:	4615      	mov	r5, r2
10000702:	e066      	b.n	100007d2 <irq_remove_handler+0x1be>
10000704:	f8c9 0080 	str.w	r0, [r9, #128]	@ 0x80
10000708:	e7df      	b.n	100006ca <irq_remove_handler+0xb6>
1000070a:	f993 4006 	ldrsb.w	r4, [r3, #6]
1000070e:	2c00      	cmp	r4, #0
10000710:	db56      	blt.n	100007c0 <irq_remove_handler+0x1ac>
10000712:	eb04 0c44 	add.w	ip, r4, r4, lsl #1
10000716:	eb07 0c8c 	add.w	ip, r7, ip, lsl #2
1000071a:	f8dc 2008 	ldr.w	r2, [ip, #8]
1000071e:	0061      	lsls	r1, r4, #1
10000720:	609a      	str	r2, [r3, #8]
10000722:	f89c 2007 	ldrb.w	r2, [ip, #7]
10000726:	71da      	strb	r2, [r3, #7]
10000728:	f99c 2006 	ldrsb.w	r2, [ip, #6]
1000072c:	2a00      	cmp	r2, #0
1000072e:	719a      	strb	r2, [r3, #6]
10000730:	db5d      	blt.n	100007ee <irq_remove_handler+0x1da>
10000732:	f8bc 2004 	ldrh.w	r2, [ip, #4]
10000736:	0552      	lsls	r2, r2, #21
10000738:	d504      	bpl.n	10000744 <irq_remove_handler+0x130>
1000073a:	f502 12ff 	add.w	r2, r2, #2088960	@ 0x1fe000
1000073e:	f502 52ff 	add.w	r2, r2, #8160	@ 0x1fe0
10000742:	321f      	adds	r2, #31
10000744:	1552      	asrs	r2, r2, #21
10000746:	f102 0c02 	add.w	ip, r2, #2
1000074a:	f04f 0e04 	mov.w	lr, #4
1000074e:	220c      	movs	r2, #12
10000750:	fb12 e204 	smlabb	r2, r2, r4, lr
10000754:	eb02 024c 	add.w	r2, r2, ip, lsl #1
10000758:	f06f 0c07 	mvn.w	ip, #7
1000075c:	443a      	add	r2, r7
1000075e:	ebac 0c03 	sub.w	ip, ip, r3
10000762:	4462      	add	r2, ip
10000764:	f3c2 024a 	ubfx	r2, r2, #1, #11
10000768:	f442 4260 	orr.w	r2, r2, #57344	@ 0xe000
1000076c:	809a      	strh	r2, [r3, #4]
1000076e:	4b25      	ldr	r3, [pc, #148]	@ (10000804 <irq_remove_handler+0x1f0>)
10000770:	4421      	add	r1, r4
10000772:	781a      	ldrb	r2, [r3, #0]
10000774:	eb07 0181 	add.w	r1, r7, r1, lsl #2
10000778:	701c      	strb	r4, [r3, #0]
1000077a:	718a      	strb	r2, [r1, #6]
1000077c:	e79e      	b.n	100006bc <irq_remove_handler+0xa8>
1000077e:	e9cd 0100 	strd	r0, r1, [sp]
10000782:	f000 fdc9 	bl	10001318 <hard_assertion_failure>
10000786:	e9dd 0100 	ldrd	r0, r1, [sp]
1000078a:	f025 0e01 	bic.w	lr, r5, #1
1000078e:	f8de c008 	ldr.w	ip, [lr, #8]
10000792:	4564      	cmp	r4, ip
10000794:	d187      	bne.n	100006a6 <irq_remove_handler+0x92>
10000796:	f99e 4006 	ldrsb.w	r4, [lr, #6]
1000079a:	4673      	mov	r3, lr
1000079c:	2c00      	cmp	r4, #0
1000079e:	dab8      	bge.n	10000712 <irq_remove_handler+0xfe>
100007a0:	4a19      	ldr	r2, [pc, #100]	@ (10000808 <irq_remove_handler+0x1f4>)
100007a2:	4c1a      	ldr	r4, [pc, #104]	@ (1000080c <irq_remove_handler+0x1f8>)
100007a4:	1ad2      	subs	r2, r2, r3
100007a6:	3a08      	subs	r2, #8
100007a8:	f3c2 310a 	ubfx	r1, r2, #12, #11
100007ac:	ea6f 5101 	mvn.w	r1, r1, lsl #20
100007b0:	ea6f 5111 	mvn.w	r1, r1, lsr #20
100007b4:	ea44 0252 	orr.w	r2, r4, r2, lsr #1
100007b8:	80da      	strh	r2, [r3, #6]
100007ba:	8099      	strh	r1, [r3, #4]
100007bc:	e77e      	b.n	100006bc <irq_remove_handler+0xa8>
100007be:	4673      	mov	r3, lr
100007c0:	2900      	cmp	r1, #0
100007c2:	d1ed      	bne.n	100007a0 <irq_remove_handler+0x18c>
100007c4:	22ff      	movs	r2, #255	@ 0xff
100007c6:	f88e 2006 	strb.w	r2, [lr, #6]
100007ca:	f64b 5201 	movw	r2, #48385	@ 0xbd01
100007ce:	f8ae 2004 	strh.w	r2, [lr, #4]
100007d2:	4c0c      	ldr	r4, [pc, #48]	@ (10000804 <irq_remove_handler+0x1f0>)
100007d4:	f64a 22aa 	movw	r2, #43690	@ 0xaaaa
100007d8:	f894 c000 	ldrb.w	ip, [r4]
100007dc:	4619      	mov	r1, r3
100007de:	1bc9      	subs	r1, r1, r7
100007e0:	4149      	adcs	r1, r1
100007e2:	434a      	muls	r2, r1
100007e4:	0d12      	lsrs	r2, r2, #20
100007e6:	f883 c006 	strb.w	ip, [r3, #6]
100007ea:	7022      	strb	r2, [r4, #0]
100007ec:	e766      	b.n	100006bc <irq_remove_handler+0xa8>
100007ee:	f64b 5201 	movw	r2, #48385	@ 0xbd01
100007f2:	e7bb      	b.n	1000076c <irq_remove_handler+0x158>
100007f4:	20000895 	.word	0x20000895
100007f8:	e000ed00 	.word	0xe000ed00
100007fc:	10000111 	.word	0x10000111
10000800:	20000554 	.word	0x20000554
10000804:	20000920 	.word	0x20000920
10000808:	2000058e 	.word	0x2000058e
1000080c:	fffff800 	.word	0xfffff800

10000810 <irq_add_tail_to_free_list>:
10000810:	b5f0      	push	{r4, r5, r6, r7, lr}
10000812:	f3ef 8505 	mrs	r5, IPSR
10000816:	b2ed      	uxtb	r5, r5
10000818:	f3ef 8c10 	mrs	ip, PRIMASK
1000081c:	b672      	cpsid	i
1000081e:	4926      	ldr	r1, [pc, #152]	@ (100008b8 <irq_add_tail_to_free_list+0xa8>)
10000820:	e8d1 2fcf 	ldaexb	r2, [r1]
10000824:	2301      	movs	r3, #1
10000826:	2a00      	cmp	r2, #0
10000828:	d1fa      	bne.n	10000820 <irq_add_tail_to_free_list+0x10>
1000082a:	e8c1 3f42 	strexb	r2, r3, [r1]
1000082e:	2a00      	cmp	r2, #0
10000830:	d1f6      	bne.n	10000820 <irq_add_tail_to_free_list+0x10>
10000832:	f3bf 8f5f 	dmb	sy
10000836:	4e21      	ldr	r6, [pc, #132]	@ (100008bc <irq_add_tail_to_free_list+0xac>)
10000838:	f040 0e01 	orr.w	lr, r0, #1
1000083c:	68b4      	ldr	r4, [r6, #8]
1000083e:	f64a 23aa 	movw	r3, #43690	@ 0xaaaa
10000842:	f854 7025 	ldr.w	r7, [r4, r5, lsl #2]
10000846:	4a1e      	ldr	r2, [pc, #120]	@ (100008c0 <irq_add_tail_to_free_list+0xb0>)
10000848:	4604      	mov	r4, r0
1000084a:	1aa4      	subs	r4, r4, r2
1000084c:	4164      	adcs	r4, r4
1000084e:	4363      	muls	r3, r4
10000850:	0d1b      	lsrs	r3, r3, #20
10000852:	4577      	cmp	r7, lr
10000854:	b25b      	sxtb	r3, r3
10000856:	d01b      	beq.n	10000890 <irq_add_tail_to_free_list+0x80>
10000858:	f992 4006 	ldrsb.w	r4, [r2, #6]
1000085c:	429c      	cmp	r4, r3
1000085e:	d01c      	beq.n	1000089a <irq_add_tail_to_free_list+0x8a>
10000860:	f992 4012 	ldrsb.w	r4, [r2, #18]
10000864:	429c      	cmp	r4, r3
10000866:	d023      	beq.n	100008b0 <irq_add_tail_to_free_list+0xa0>
10000868:	f992 401e 	ldrsb.w	r4, [r2, #30]
1000086c:	429c      	cmp	r4, r3
1000086e:	d021      	beq.n	100008b4 <irq_add_tail_to_free_list+0xa4>
10000870:	f992 402a 	ldrsb.w	r4, [r2, #42]	@ 0x2a
10000874:	429c      	cmp	r4, r3
10000876:	bf08      	it	eq
10000878:	2403      	moveq	r4, #3
1000087a:	d00f      	beq.n	1000089c <irq_add_tail_to_free_list+0x8c>
1000087c:	4a11      	ldr	r2, [pc, #68]	@ (100008c4 <irq_add_tail_to_free_list+0xb4>)
1000087e:	2400      	movs	r4, #0
10000880:	7815      	ldrb	r5, [r2, #0]
10000882:	7013      	strb	r3, [r2, #0]
10000884:	7185      	strb	r5, [r0, #6]
10000886:	e8c1 4f8f 	stlb	r4, [r1]
1000088a:	f38c 8810 	msr	PRIMASK, ip
1000088e:	bdf0      	pop	{r4, r5, r6, r7, pc}
10000890:	68b2      	ldr	r2, [r6, #8]
10000892:	4c0d      	ldr	r4, [pc, #52]	@ (100008c8 <irq_add_tail_to_free_list+0xb8>)
10000894:	f842 4025 	str.w	r4, [r2, r5, lsl #2]
10000898:	e7f0      	b.n	1000087c <irq_add_tail_to_free_list+0x6c>
1000089a:	2400      	movs	r4, #0
1000089c:	eb04 0444 	add.w	r4, r4, r4, lsl #1
100008a0:	eb02 0284 	add.w	r2, r2, r4, lsl #2
100008a4:	24ff      	movs	r4, #255	@ 0xff
100008a6:	7194      	strb	r4, [r2, #6]
100008a8:	f64b 5401 	movw	r4, #48385	@ 0xbd01
100008ac:	8094      	strh	r4, [r2, #4]
100008ae:	e7e5      	b.n	1000087c <irq_add_tail_to_free_list+0x6c>
100008b0:	2401      	movs	r4, #1
100008b2:	e7f3      	b.n	1000089c <irq_add_tail_to_free_list+0x8c>
100008b4:	2402      	movs	r4, #2
100008b6:	e7f1      	b.n	1000089c <irq_add_tail_to_free_list+0x8c>
100008b8:	20000895 	.word	0x20000895
100008bc:	e000ed00 	.word	0xe000ed00
100008c0:	20000554 	.word	0x20000554
100008c4:	20000920 	.word	0x20000920
100008c8:	10000111 	.word	0x10000111

100008cc <lock_init>:
100008cc:	4b01      	ldr	r3, [pc, #4]	@ (100008d4 <lock_init+0x8>)
100008ce:	440b      	add	r3, r1
100008d0:	6003      	str	r3, [r0, #0]
100008d2:	4770      	bx	lr
100008d4:	2000088c 	.word	0x2000088c

100008d8 <runtime_init_mutex>:
100008d8:	b5f8      	push	{r3, r4, r5, r6, r7, lr}
100008da:	4d12      	ldr	r5, [pc, #72]	@ (10000924 <runtime_init_mutex+0x4c>)
100008dc:	4e12      	ldr	r6, [pc, #72]	@ (10000928 <runtime_init_mutex+0x50>)
100008de:	42b5      	cmp	r5, r6
100008e0:	d21f      	bcs.n	10000922 <runtime_init_mutex+0x4a>
100008e2:	462c      	mov	r4, r5
100008e4:	6823      	ldr	r3, [r4, #0]
100008e6:	27ff      	movs	r7, #255	@ 0xff
100008e8:	b17b      	cbz	r3, 1000090a <runtime_init_mutex+0x32>
100008ea:	f7ff fe0d 	bl	10000508 <next_striped_spin_lock_num>
100008ee:	4601      	mov	r1, r0
100008f0:	4628      	mov	r0, r5
100008f2:	f7ff ffeb 	bl	100008cc <lock_init>
100008f6:	80a7      	strh	r7, [r4, #4]
100008f8:	f3bf 8f5f 	dmb	sy
100008fc:	3408      	adds	r4, #8
100008fe:	42b4      	cmp	r4, r6
10000900:	d20f      	bcs.n	10000922 <runtime_init_mutex+0x4a>
10000902:	6823      	ldr	r3, [r4, #0]
10000904:	4625      	mov	r5, r4
10000906:	2b00      	cmp	r3, #0
10000908:	d1ef      	bne.n	100008ea <runtime_init_mutex+0x12>
1000090a:	f7ff fdfd 	bl	10000508 <next_striped_spin_lock_num>
1000090e:	4601      	mov	r1, r0
10000910:	4628      	mov	r0, r5
10000912:	f7ff ffdb 	bl	100008cc <lock_init>
10000916:	7127      	strb	r7, [r4, #4]
10000918:	f3bf 8f5f 	dmb	sy
1000091c:	3408      	adds	r4, #8
1000091e:	42b4      	cmp	r4, r6
10000920:	d3ef      	bcc.n	10000902 <runtime_init_mutex+0x2a>
10000922:	bdf8      	pop	{r3, r4, r5, r6, r7, pc}
10000924:	200005cc 	.word	0x200005cc
10000928:	200005d4 	.word	0x200005d4

1000092c <sleep_until_callback>:
1000092c:	4b0d      	ldr	r3, [pc, #52]	@ (10000964 <sleep_until_callback+0x38>)
1000092e:	681a      	ldr	r2, [r3, #0]
10000930:	f3ef 8110 	mrs	r1, PRIMASK
10000934:	b672      	cpsid	i
10000936:	e8d2 cfcf 	ldaexb	ip, [r2]
1000093a:	2001      	movs	r0, #1
1000093c:	f1bc 0f00 	cmp.w	ip, #0
10000940:	d1f9      	bne.n	10000936 <sleep_until_callback+0xa>
10000942:	e8c2 0f4c 	strexb	ip, r0, [r2]
10000946:	f1bc 0f00 	cmp.w	ip, #0
1000094a:	d1f4      	bne.n	10000936 <sleep_until_callback+0xa>
1000094c:	f3bf 8f5f 	dmb	sy
10000950:	2200      	movs	r2, #0
10000952:	681b      	ldr	r3, [r3, #0]
10000954:	e8c3 2f8f 	stlb	r2, [r3]
10000958:	f381 8810 	msr	PRIMASK, r1
1000095c:	bf40      	sev
1000095e:	2000      	movs	r0, #0
10000960:	2100      	movs	r1, #0
10000962:	4770      	bx	lr
10000964:	20000914 	.word	0x20000914

10000968 <alarm_pool_irq_handler>:
10000968:	e92d 4ff0 	stmdb	sp!, {r4, r5, r6, r7, r8, r9, sl, fp, lr}
1000096c:	ed2d 8b02 	vpush	{d8}
10000970:	b085      	sub	sp, #20
10000972:	f3ef 8305 	mrs	r3, IPSR
10000976:	b2db      	uxtb	r3, r3
10000978:	3b10      	subs	r3, #16
1000097a:	089a      	lsrs	r2, r3, #2
1000097c:	bf18      	it	ne
1000097e:	2201      	movne	r2, #1
10000980:	f04f 0101 	mov.w	r1, #1
10000984:	f003 0003 	and.w	r0, r3, #3
10000988:	bf08      	it	eq
1000098a:	4dad      	ldreq	r5, [pc, #692]	@ (10000c40 <alarm_pool_irq_handler+0x2d8>)
1000098c:	4bad      	ldr	r3, [pc, #692]	@ (10000c44 <alarm_pool_irq_handler+0x2dc>)
1000098e:	bf18      	it	ne
10000990:	4dad      	ldrne	r5, [pc, #692]	@ (10000c48 <alarm_pool_irq_handler+0x2e0>)
10000992:	eb00 0282 	add.w	r2, r0, r2, lsl #2
10000996:	f853 6022 	ldr.w	r6, [r3, r2, lsl #2]
1000099a:	fa01 fb00 	lsl.w	fp, r1, r0
1000099e:	f505 5341 	add.w	r3, r5, #12352	@ 0x3040
100009a2:	ed9f 8ba5 	vldr	d8, [pc, #660]	@ 10000c38 <alarm_pool_irq_handler+0x2d0>
100009a6:	9001      	str	r0, [sp, #4]
100009a8:	f8c3 b004 	str.w	fp, [r3, #4]
100009ac:	e02e      	b.n	10000a0c <alarm_pool_irq_handler+0xa4>
100009ae:	88b3      	ldrh	r3, [r6, #4]
100009b0:	0419      	lsls	r1, r3, #16
100009b2:	f140 8091 	bpl.w	10000ad8 <alarm_pool_irq_handler+0x170>
100009b6:	79b3      	ldrb	r3, [r6, #6]
100009b8:	2b00      	cmp	r3, #0
100009ba:	f040 80db 	bne.w	10000b74 <alarm_pool_irq_handler+0x20c>
100009be:	f9b6 2008 	ldrsh.w	r2, [r6, #8]
100009c2:	2a00      	cmp	r2, #0
100009c4:	f2c0 811a 	blt.w	10000bfc <alarm_pool_irq_handler+0x294>
100009c8:	6973      	ldr	r3, [r6, #20]
100009ca:	eb02 0242 	add.w	r2, r2, r2, lsl #1
100009ce:	eb03 03c2 	add.w	r3, r3, r2, lsl #3
100009d2:	e9d3 4702 	ldrd	r4, r7, [r3, #8]
100009d6:	f1b7 3fff 	cmp.w	r7, #4294967295	@ 0xffffffff
100009da:	bf08      	it	eq
100009dc:	f1b4 3fff 	cmpeq.w	r4, #4294967295	@ 0xffffffff
100009e0:	d00d      	beq.n	100009fe <alarm_pool_irq_handler+0x96>
100009e2:	9b01      	ldr	r3, [sp, #4]
100009e4:	eb05 0183 	add.w	r1, r5, r3, lsl #2
100009e8:	6aab      	ldr	r3, [r5, #40]	@ 0x28
100009ea:	690a      	ldr	r2, [r1, #16]
100009ec:	1ad2      	subs	r2, r2, r3
100009ee:	1ae3      	subs	r3, r4, r3
100009f0:	4293      	cmp	r3, r2
100009f2:	d303      	bcc.n	100009fc <alarm_pool_irq_handler+0x94>
100009f4:	6a2b      	ldr	r3, [r5, #32]
100009f6:	ea13 0f0b 	tst.w	r3, fp
100009fa:	d100      	bne.n	100009fe <alarm_pool_irq_handler+0x96>
100009fc:	610c      	str	r4, [r1, #16]
100009fe:	4628      	mov	r0, r5
10000a00:	f000 faca 	bl	10000f98 <timer_time_us_64>
10000a04:	42a0      	cmp	r0, r4
10000a06:	41b9      	sbcs	r1, r7
10000a08:	f2c0 80f8 	blt.w	10000bfc <alarm_pool_irq_handler+0x294>
10000a0c:	f9b6 3008 	ldrsh.w	r3, [r6, #8]
10000a10:	f8c5 b03c 	str.w	fp, [r5, #60]	@ 0x3c
10000a14:	2b00      	cmp	r3, #0
10000a16:	9300      	str	r3, [sp, #0]
10000a18:	dbc9      	blt.n	100009ae <alarm_pool_irq_handler+0x46>
10000a1a:	f8d6 9014 	ldr.w	r9, [r6, #20]
10000a1e:	eb03 0a43 	add.w	sl, r3, r3, lsl #1
10000a22:	4628      	mov	r0, r5
10000a24:	eb09 07ca 	add.w	r7, r9, sl, lsl #3
10000a28:	e9d7 4802 	ldrd	r4, r8, [r7, #8]
10000a2c:	f000 fab4 	bl	10000f98 <timer_time_us_64>
10000a30:	42a0      	cmp	r0, r4
10000a32:	eb71 0108 	sbcs.w	r1, r1, r8
10000a36:	dbba      	blt.n	100009ae <alarm_pool_irq_handler+0x46>
10000a38:	f1b8 0f00 	cmp.w	r8, #0
10000a3c:	f2c0 80c0 	blt.w	10000bc0 <alarm_pool_irq_handler+0x258>
10000a40:	693a      	ldr	r2, [r7, #16]
10000a42:	4b82      	ldr	r3, [pc, #520]	@ (10000c4c <alarm_pool_irq_handler+0x2e4>)
10000a44:	429a      	cmp	r2, r3
10000a46:	f000 80ea 	beq.w	10000c1e <alarm_pool_irq_handler+0x2b6>
10000a4a:	8879      	ldrh	r1, [r7, #2]
10000a4c:	f9b6 0008 	ldrsh.w	r0, [r6, #8]
10000a50:	b289      	uxth	r1, r1
10000a52:	ea41 4000 	orr.w	r0, r1, r0, lsl #16
10000a56:	6979      	ldr	r1, [r7, #20]
10000a58:	4790      	blx	r2
10000a5a:	4603      	mov	r3, r0
10000a5c:	460a      	mov	r2, r1
10000a5e:	ea53 0102 	orrs.w	r1, r3, r2
10000a62:	f000 80ad 	beq.w	10000bc0 <alarm_pool_irq_handler+0x258>
10000a66:	2a00      	cmp	r2, #0
10000a68:	f280 80ce 	bge.w	10000c08 <alarm_pool_irq_handler+0x2a0>
10000a6c:	1ae3      	subs	r3, r4, r3
10000a6e:	eb68 0802 	sbc.w	r8, r8, r2
10000a72:	f939 203a 	ldrsh.w	r2, [r9, sl, lsl #3]
10000a76:	e9c7 3802 	strd	r3, r8, [r7, #8]
10000a7a:	2a00      	cmp	r2, #0
10000a7c:	db97      	blt.n	100009ae <alarm_pool_irq_handler+0x46>
10000a7e:	6970      	ldr	r0, [r6, #20]
10000a80:	eb02 0142 	add.w	r1, r2, r2, lsl #1
10000a84:	eb00 01c1 	add.w	r1, r0, r1, lsl #3
10000a88:	e9d1 c702 	ldrd	ip, r7, [r1, #8]
10000a8c:	4563      	cmp	r3, ip
10000a8e:	eb78 0e07 	sbcs.w	lr, r8, r7
10000a92:	ea4f 0142 	mov.w	r1, r2, lsl #1
10000a96:	db8a      	blt.n	100009ae <alarm_pool_irq_handler+0x46>
10000a98:	46b6      	mov	lr, r6
10000a9a:	f82e 2f08 	strh.w	r2, [lr, #8]!
10000a9e:	e00b      	b.n	10000ab8 <alarm_pool_irq_handler+0x150>
10000aa0:	f930 2031 	ldrsh.w	r2, [r0, r1, lsl #3]
10000aa4:	46a6      	mov	lr, r4
10000aa6:	2a00      	cmp	r2, #0
10000aa8:	db0d      	blt.n	10000ac6 <alarm_pool_irq_handler+0x15e>
10000aaa:	eb02 0442 	add.w	r4, r2, r2, lsl #1
10000aae:	eb00 04c4 	add.w	r4, r0, r4, lsl #3
10000ab2:	0051      	lsls	r1, r2, #1
10000ab4:	e9d4 c702 	ldrd	ip, r7, [r4, #8]
10000ab8:	4563      	cmp	r3, ip
10000aba:	4411      	add	r1, r2
10000abc:	eb78 0707 	sbcs.w	r7, r8, r7
10000ac0:	eb00 04c1 	add.w	r4, r0, r1, lsl #3
10000ac4:	daec      	bge.n	10000aa0 <alarm_pool_irq_handler+0x138>
10000ac6:	9b00      	ldr	r3, [sp, #0]
10000ac8:	f829 203a 	strh.w	r2, [r9, sl, lsl #3]
10000acc:	f8ae 3000 	strh.w	r3, [lr]
10000ad0:	88b3      	ldrh	r3, [r6, #4]
10000ad2:	0419      	lsls	r1, r3, #16
10000ad4:	f53f af6f 	bmi.w	100009b6 <alarm_pool_irq_handler+0x4e>
10000ad8:	6933      	ldr	r3, [r6, #16]
10000ada:	f3ef 8210 	mrs	r2, PRIMASK
10000ade:	b672      	cpsid	i
10000ae0:	e8d3 0fcf 	ldaexb	r0, [r3]
10000ae4:	2101      	movs	r1, #1
10000ae6:	2800      	cmp	r0, #0
10000ae8:	d1fa      	bne.n	10000ae0 <alarm_pool_irq_handler+0x178>
10000aea:	e8c3 1f40 	strexb	r0, r1, [r3]
10000aee:	2800      	cmp	r0, #0
10000af0:	d1f6      	bne.n	10000ae0 <alarm_pool_irq_handler+0x178>
10000af2:	f3bf 8f5f 	dmb	sy
10000af6:	f64f 74ff 	movw	r4, #65535	@ 0xffff
10000afa:	88b0      	ldrh	r0, [r6, #4]
10000afc:	2300      	movs	r3, #0
10000afe:	6931      	ldr	r1, [r6, #16]
10000b00:	b200      	sxth	r0, r0
10000b02:	80b4      	strh	r4, [r6, #4]
10000b04:	e8c1 3f8f 	stlb	r3, [r1]
10000b08:	f382 8810 	msr	PRIMASK, r2
10000b0c:	4298      	cmp	r0, r3
10000b0e:	f6ff af52 	blt.w	100009b6 <alarm_pool_irq_handler+0x4e>
10000b12:	4607      	mov	r7, r0
10000b14:	46a9      	mov	r9, r5
10000b16:	6974      	ldr	r4, [r6, #20]
10000b18:	f106 0808 	add.w	r8, r6, #8
10000b1c:	eb07 0e47 	add.w	lr, r7, r7, lsl #1
10000b20:	eb04 03ce 	add.w	r3, r4, lr, lsl #3
10000b24:	e9d3 0502 	ldrd	r0, r5, [r3, #8]
10000b28:	f9b6 3008 	ldrsh.w	r3, [r6, #8]
10000b2c:	46c4      	mov	ip, r8
10000b2e:	2b00      	cmp	r3, #0
10000b30:	db13      	blt.n	10000b5a <alarm_pool_irq_handler+0x1f2>
10000b32:	46b2      	mov	sl, r6
10000b34:	9700      	str	r7, [sp, #0]
10000b36:	e004      	b.n	10000b42 <alarm_pool_irq_handler+0x1da>
10000b38:	f934 3036 	ldrsh.w	r3, [r4, r6, lsl #3]
10000b3c:	4694      	mov	ip, r2
10000b3e:	2b00      	cmp	r3, #0
10000b40:	db09      	blt.n	10000b56 <alarm_pool_irq_handler+0x1ee>
10000b42:	eb03 0643 	add.w	r6, r3, r3, lsl #1
10000b46:	eb04 02c6 	add.w	r2, r4, r6, lsl #3
10000b4a:	e9d2 7102 	ldrd	r7, r1, [r2, #8]
10000b4e:	42b8      	cmp	r0, r7
10000b50:	eb75 0101 	sbcs.w	r1, r5, r1
10000b54:	daf0      	bge.n	10000b38 <alarm_pool_irq_handler+0x1d0>
10000b56:	4656      	mov	r6, sl
10000b58:	9f00      	ldr	r7, [sp, #0]
10000b5a:	f8ac 7000 	strh.w	r7, [ip]
10000b5e:	f934 703e 	ldrsh.w	r7, [r4, lr, lsl #3]
10000b62:	f824 303e 	strh.w	r3, [r4, lr, lsl #3]
10000b66:	2f00      	cmp	r7, #0
10000b68:	dad8      	bge.n	10000b1c <alarm_pool_irq_handler+0x1b4>
10000b6a:	79b3      	ldrb	r3, [r6, #6]
10000b6c:	464d      	mov	r5, r9
10000b6e:	2b00      	cmp	r3, #0
10000b70:	f43f af25 	beq.w	100009be <alarm_pool_irq_handler+0x56>
10000b74:	2300      	movs	r3, #0
10000b76:	71b3      	strb	r3, [r6, #6]
10000b78:	f9b6 3008 	ldrsh.w	r3, [r6, #8]
10000b7c:	f106 0e08 	add.w	lr, r6, #8
10000b80:	1c5a      	adds	r2, r3, #1
10000b82:	d03b      	beq.n	10000bfc <alarm_pool_irq_handler+0x294>
10000b84:	461a      	mov	r2, r3
10000b86:	6974      	ldr	r4, [r6, #20]
10000b88:	e003      	b.n	10000b92 <alarm_pool_irq_handler+0x22a>
10000b8a:	4686      	mov	lr, r0
10000b8c:	1c59      	adds	r1, r3, #1
10000b8e:	f43f af18 	beq.w	100009c2 <alarm_pool_irq_handler+0x5a>
10000b92:	eb03 0143 	add.w	r1, r3, r3, lsl #1
10000b96:	eb04 00c1 	add.w	r0, r4, r1, lsl #3
10000b9a:	8847      	ldrh	r7, [r0, #2]
10000b9c:	469c      	mov	ip, r3
10000b9e:	043f      	lsls	r7, r7, #16
10000ba0:	f934 3031 	ldrsh.w	r3, [r4, r1, lsl #3]
10000ba4:	d5f1      	bpl.n	10000b8a <alarm_pool_irq_handler+0x222>
10000ba6:	4594      	cmp	ip, r2
10000ba8:	ed80 8b02 	vstr	d8, [r0, #8]
10000bac:	d0ee      	beq.n	10000b8c <alarm_pool_irq_handler+0x224>
10000bae:	f8ae 3000 	strh.w	r3, [lr]
10000bb2:	8932      	ldrh	r2, [r6, #8]
10000bb4:	f824 2031 	strh.w	r2, [r4, r1, lsl #3]
10000bb8:	4662      	mov	r2, ip
10000bba:	f8a6 c008 	strh.w	ip, [r6, #8]
10000bbe:	e7e5      	b.n	10000b8c <alarm_pool_irq_handler+0x224>
10000bc0:	f839 203a 	ldrh.w	r2, [r9, sl, lsl #3]
10000bc4:	8132      	strh	r2, [r6, #8]
10000bc6:	6932      	ldr	r2, [r6, #16]
10000bc8:	f3ef 8110 	mrs	r1, PRIMASK
10000bcc:	b672      	cpsid	i
10000bce:	e8d2 7fcf 	ldaexb	r7, [r2]
10000bd2:	2001      	movs	r0, #1
10000bd4:	2f00      	cmp	r7, #0
10000bd6:	d1fa      	bne.n	10000bce <alarm_pool_irq_handler+0x266>
10000bd8:	e8c2 0f47 	strexb	r7, r0, [r2]
10000bdc:	2f00      	cmp	r7, #0
10000bde:	d1f6      	bne.n	10000bce <alarm_pool_irq_handler+0x266>
10000be0:	f3bf 8f5f 	dmb	sy
10000be4:	8872      	ldrh	r2, [r6, #2]
10000be6:	9b00      	ldr	r3, [sp, #0]
10000be8:	f829 203a 	strh.w	r2, [r9, sl, lsl #3]
10000bec:	8073      	strh	r3, [r6, #2]
10000bee:	6932      	ldr	r2, [r6, #16]
10000bf0:	2300      	movs	r3, #0
10000bf2:	e8c2 3f8f 	stlb	r3, [r2]
10000bf6:	f381 8810 	msr	PRIMASK, r1
10000bfa:	e6d8      	b.n	100009ae <alarm_pool_irq_handler+0x46>
10000bfc:	bf40      	sev
10000bfe:	b005      	add	sp, #20
10000c00:	ecbd 8b02 	vpop	{d8}
10000c04:	e8bd 8ff0 	ldmia.w	sp!, {r4, r5, r6, r7, r8, r9, sl, fp, pc}
10000c08:	4628      	mov	r0, r5
10000c0a:	e9cd 3202 	strd	r3, r2, [sp, #8]
10000c0e:	f000 f9c3 	bl	10000f98 <timer_time_us_64>
10000c12:	9b02      	ldr	r3, [sp, #8]
10000c14:	9a03      	ldr	r2, [sp, #12]
10000c16:	18c3      	adds	r3, r0, r3
10000c18:	eb42 0801 	adc.w	r8, r2, r1
10000c1c:	e729      	b.n	10000a72 <alarm_pool_irq_handler+0x10a>
10000c1e:	6979      	ldr	r1, [r7, #20]
10000c20:	4608      	mov	r0, r1
10000c22:	690a      	ldr	r2, [r1, #16]
10000c24:	9102      	str	r1, [sp, #8]
10000c26:	4790      	blx	r2
10000c28:	2800      	cmp	r0, #0
10000c2a:	d0c9      	beq.n	10000bc0 <alarm_pool_irq_handler+0x258>
10000c2c:	9902      	ldr	r1, [sp, #8]
10000c2e:	e9d1 3200 	ldrd	r3, r2, [r1]
10000c32:	e714      	b.n	10000a5e <alarm_pool_irq_handler+0xf6>
10000c34:	f3af 8000 	nop.w
10000c38:	ffffffff 	.word	0xffffffff
10000c3c:	ffffffff 	.word	0xffffffff
10000c40:	400b0000 	.word	0x400b0000
10000c44:	200008f4 	.word	0x200008f4
10000c48:	400b8000 	.word	0x400b8000
10000c4c:	10000969 	.word	0x10000969

10000c50 <runtime_init_default_alarm_pool>:
10000c50:	e92d 4ff8 	stmdb	sp!, {r3, r4, r5, r6, r7, r8, r9, sl, fp, lr}
10000c54:	4c36      	ldr	r4, [pc, #216]	@ (10000d30 <runtime_init_default_alarm_pool+0xe0>)
10000c56:	6925      	ldr	r5, [r4, #16]
10000c58:	b12d      	cbz	r5, 10000c66 <runtime_init_default_alarm_pool+0x16>
10000c5a:	e8bd 4ff8 	ldmia.w	sp!, {r3, r4, r5, r6, r7, r8, r9, sl, fp, lr}
10000c5e:	210a      	movs	r1, #10
10000c60:	4834      	ldr	r0, [pc, #208]	@ (10000d34 <runtime_init_default_alarm_pool+0xe4>)
10000c62:	f7ff be33 	b.w	100008cc <lock_init>
10000c66:	f8df 80e4 	ldr.w	r8, [pc, #228]	@ 10000d4c <runtime_init_default_alarm_pool+0xfc>
10000c6a:	2103      	movs	r1, #3
10000c6c:	4640      	mov	r0, r8
10000c6e:	f000 f981 	bl	10000f74 <timer_hardware_alarm_claim>
10000c72:	2603      	movs	r6, #3
10000c74:	f8c4 800c 	str.w	r8, [r4, #12]
10000c78:	f7ff fc46 	bl	10000508 <next_striped_spin_lock_num>
10000c7c:	f04f 4c50 	mov.w	ip, #3489660928	@ 0xd0000000
10000c80:	4b2d      	ldr	r3, [pc, #180]	@ (10000d38 <runtime_init_default_alarm_pool+0xe8>)
10000c82:	7026      	strb	r6, [r4, #0]
10000c84:	4403      	add	r3, r0
10000c86:	6123      	str	r3, [r4, #16]
10000c88:	f8dc 3000 	ldr.w	r3, [ip]
10000c8c:	210f      	movs	r1, #15
10000c8e:	7063      	strb	r3, [r4, #1]
10000c90:	6963      	ldr	r3, [r4, #20]
10000c92:	8061      	strh	r1, [r4, #2]
10000c94:	831d      	strh	r5, [r3, #24]
10000c96:	f04f 0504 	mov.w	r5, #4
10000c9a:	f8a3 5078 	strh.w	r5, [r3, #120]	@ 0x78
10000c9e:	f04f 0505 	mov.w	r5, #5
10000ca2:	f8a3 5090 	strh.w	r5, [r3, #144]	@ 0x90
10000ca6:	f04f 0506 	mov.w	r5, #6
10000caa:	f8a3 50a8 	strh.w	r5, [r3, #168]	@ 0xa8
10000cae:	f04f 0507 	mov.w	r5, #7
10000cb2:	210e      	movs	r1, #14
10000cb4:	2708      	movs	r7, #8
10000cb6:	f64f 72ff 	movw	r2, #65535	@ 0xffff
10000cba:	f04f 0e0a 	mov.w	lr, #10
10000cbe:	f8a3 50c0 	strh.w	r5, [r3, #192]	@ 0xc0
10000cc2:	f04f 0901 	mov.w	r9, #1
10000cc6:	f04f 0c0c 	mov.w	ip, #12
10000cca:	f04f 0b02 	mov.w	fp, #2
10000cce:	f04f 0a09 	mov.w	sl, #9
10000cd2:	200d      	movs	r0, #13
10000cd4:	f04f 050b 	mov.w	r5, #11
10000cd8:	f8a3 1168 	strh.w	r1, [r3, #360]	@ 0x168
10000cdc:	4917      	ldr	r1, [pc, #92]	@ (10000d3c <runtime_init_default_alarm_pool+0xec>)
10000cde:	80a2      	strh	r2, [r4, #4]
10000ce0:	f8a3 e108 	strh.w	lr, [r3, #264]	@ 0x108
10000ce4:	60a1      	str	r1, [r4, #8]
10000ce6:	f8a3 b048 	strh.w	fp, [r3, #72]	@ 0x48
10000cea:	f8a3 a0f0 	strh.w	sl, [r3, #240]	@ 0xf0
10000cee:	f8a3 5120 	strh.w	r5, [r3, #288]	@ 0x120
10000cf2:	f8a3 c138 	strh.w	ip, [r3, #312]	@ 0x138
10000cf6:	f8a3 0150 	strh.w	r0, [r3, #336]	@ 0x150
10000cfa:	f8a3 9030 	strh.w	r9, [r3, #48]	@ 0x30
10000cfe:	f8a3 6060 	strh.w	r6, [r3, #96]	@ 0x60
10000d02:	f8a3 70d8 	strh.w	r7, [r3, #216]	@ 0xd8
10000d06:	801a      	strh	r2, [r3, #0]
10000d08:	4b0d      	ldr	r3, [pc, #52]	@ (10000d40 <runtime_init_default_alarm_pool+0xf0>)
10000d0a:	4630      	mov	r0, r6
10000d0c:	f8c8 7020 	str.w	r7, [r8, #32]
10000d10:	490c      	ldr	r1, [pc, #48]	@ (10000d44 <runtime_init_default_alarm_pool+0xf4>)
10000d12:	60dc      	str	r4, [r3, #12]
10000d14:	f7ff fc4e 	bl	100005b4 <irq_set_exclusive_handler>
10000d18:	4649      	mov	r1, r9
10000d1a:	4630      	mov	r0, r6
10000d1c:	f7ff fc34 	bl	10000588 <irq_set_enabled>
10000d20:	4b09      	ldr	r3, [pc, #36]	@ (10000d48 <runtime_init_default_alarm_pool+0xf8>)
10000d22:	210a      	movs	r1, #10
10000d24:	641f      	str	r7, [r3, #64]	@ 0x40
10000d26:	4803      	ldr	r0, [pc, #12]	@ (10000d34 <runtime_init_default_alarm_pool+0xe4>)
10000d28:	e8bd 4ff8 	ldmia.w	sp!, {r3, r4, r5, r6, r7, r8, r9, sl, fp, lr}
10000d2c:	f7ff bdce 	b.w	100008cc <lock_init>
10000d30:	2000059c 	.word	0x2000059c
10000d34:	20000914 	.word	0x20000914
10000d38:	2000088c 	.word	0x2000088c
10000d3c:	0010ffff 	.word	0x0010ffff
10000d40:	200008f4 	.word	0x200008f4
10000d44:	10000969 	.word	0x10000969
10000d48:	400b2000 	.word	0x400b2000
10000d4c:	400b0000 	.word	0x400b0000

10000d50 <alarm_pool_add_alarm_at_force_in_context>:
10000d50:	4601      	mov	r1, r0
10000d52:	b5f0      	push	{r4, r5, r6, r7, lr}
10000d54:	6900      	ldr	r0, [r0, #16]
10000d56:	f3ef 8710 	mrs	r7, PRIMASK
10000d5a:	b672      	cpsid	i
10000d5c:	e8d0 5fcf 	ldaexb	r5, [r0]
10000d60:	2401      	movs	r4, #1
10000d62:	2d00      	cmp	r5, #0
10000d64:	d1fa      	bne.n	10000d5c <alarm_pool_add_alarm_at_force_in_context+0xc>
10000d66:	e8c0 4f45 	strexb	r5, r4, [r0]
10000d6a:	2d00      	cmp	r5, #0
10000d6c:	d1f6      	bne.n	10000d5c <alarm_pool_add_alarm_at_force_in_context+0xc>
10000d6e:	f3bf 8f5f 	dmb	sy
10000d72:	f9b1 e002 	ldrsh.w	lr, [r1, #2]
10000d76:	694c      	ldr	r4, [r1, #20]
10000d78:	eb0e 0c4e 	add.w	ip, lr, lr, lsl #1
10000d7c:	f1be 0f00 	cmp.w	lr, #0
10000d80:	ea4f 05cc 	mov.w	r5, ip, lsl #3
10000d84:	eb04 0ccc 	add.w	ip, r4, ip, lsl #3
10000d88:	db3d      	blt.n	10000e06 <alarm_pool_add_alarm_at_force_in_context+0xb6>
10000d8a:	5b60      	ldrh	r0, [r4, r5]
10000d8c:	2600      	movs	r6, #0
10000d8e:	8048      	strh	r0, [r1, #2]
10000d90:	6908      	ldr	r0, [r1, #16]
10000d92:	e8c0 6f8f 	stlb	r6, [r0]
10000d96:	f387 8810 	msr	PRIMASK, r7
10000d9a:	f8bc 0002 	ldrh.w	r0, [ip, #2]
10000d9e:	e9cc 2302 	strd	r2, r3, [ip, #8]
10000da2:	3001      	adds	r0, #1
10000da4:	f3c0 000e 	ubfx	r0, r0, #0, #15
10000da8:	2801      	cmp	r0, #1
10000daa:	bf38      	it	cc
10000dac:	2001      	movcc	r0, #1
10000dae:	9b05      	ldr	r3, [sp, #20]
10000db0:	f8ac 0002 	strh.w	r0, [ip, #2]
10000db4:	f8cc 3010 	str.w	r3, [ip, #16]
10000db8:	9b06      	ldr	r3, [sp, #24]
10000dba:	ea40 400e 	orr.w	r0, r0, lr, lsl #16
10000dbe:	f8cc 3014 	str.w	r3, [ip, #20]
10000dc2:	690b      	ldr	r3, [r1, #16]
10000dc4:	f3ef 8210 	mrs	r2, PRIMASK
10000dc8:	b672      	cpsid	i
10000dca:	e8d3 cfcf 	ldaexb	ip, [r3]
10000dce:	2701      	movs	r7, #1
10000dd0:	f1bc 0f00 	cmp.w	ip, #0
10000dd4:	d1f9      	bne.n	10000dca <alarm_pool_add_alarm_at_force_in_context+0x7a>
10000dd6:	e8c3 7f4c 	strexb	ip, r7, [r3]
10000dda:	f1bc 0f00 	cmp.w	ip, #0
10000dde:	d1f4      	bne.n	10000dca <alarm_pool_add_alarm_at_force_in_context+0x7a>
10000de0:	f3bf 8f5f 	dmb	sy
10000de4:	888b      	ldrh	r3, [r1, #4]
10000de6:	5363      	strh	r3, [r4, r5]
10000de8:	f8a1 e004 	strh.w	lr, [r1, #4]
10000dec:	690b      	ldr	r3, [r1, #16]
10000dee:	e8c3 6f8f 	stlb	r6, [r3]
10000df2:	f382 8810 	msr	PRIMASK, r2
10000df6:	2201      	movs	r2, #1
10000df8:	68cb      	ldr	r3, [r1, #12]
10000dfa:	7809      	ldrb	r1, [r1, #0]
10000dfc:	f503 5301 	add.w	r3, r3, #8256	@ 0x2040
10000e00:	408a      	lsls	r2, r1
10000e02:	605a      	str	r2, [r3, #4]
10000e04:	bdf0      	pop	{r4, r5, r6, r7, pc}
10000e06:	2300      	movs	r3, #0
10000e08:	690a      	ldr	r2, [r1, #16]
10000e0a:	e8c2 3f8f 	stlb	r3, [r2]
10000e0e:	f387 8810 	msr	PRIMASK, r7
10000e12:	f04f 30ff 	mov.w	r0, #4294967295	@ 0xffffffff
10000e16:	bdf0      	pop	{r4, r5, r6, r7, pc}

10000e18 <alarm_pool_cancel_alarm>:
10000e18:	4603      	mov	r3, r0
10000e1a:	8940      	ldrh	r0, [r0, #10]
10000e1c:	ebb0 4f21 	cmp.w	r0, r1, asr #16
10000e20:	dd37      	ble.n	10000e92 <alarm_pool_cancel_alarm+0x7a>
10000e22:	6958      	ldr	r0, [r3, #20]
10000e24:	140a      	asrs	r2, r1, #16
10000e26:	eb02 0242 	add.w	r2, r2, r2, lsl #1
10000e2a:	b510      	push	{r4, lr}
10000e2c:	eb00 00c2 	add.w	r0, r0, r2, lsl #3
10000e30:	691c      	ldr	r4, [r3, #16]
10000e32:	f3ef 8c10 	mrs	ip, PRIMASK
10000e36:	b672      	cpsid	i
10000e38:	e8d4 efcf 	ldaexb	lr, [r4]
10000e3c:	2201      	movs	r2, #1
10000e3e:	f1be 0f00 	cmp.w	lr, #0
10000e42:	d1f9      	bne.n	10000e38 <alarm_pool_cancel_alarm+0x20>
10000e44:	e8c4 2f4e 	strexb	lr, r2, [r4]
10000e48:	f1be 0f00 	cmp.w	lr, #0
10000e4c:	d1f4      	bne.n	10000e38 <alarm_pool_cancel_alarm+0x20>
10000e4e:	f3bf 8f5f 	dmb	sy
10000e52:	8842      	ldrh	r2, [r0, #2]
10000e54:	b289      	uxth	r1, r1
10000e56:	b292      	uxth	r2, r2
10000e58:	428a      	cmp	r2, r1
10000e5a:	d007      	beq.n	10000e6c <alarm_pool_cancel_alarm+0x54>
10000e5c:	2200      	movs	r2, #0
10000e5e:	691b      	ldr	r3, [r3, #16]
10000e60:	e8c3 2f8f 	stlb	r2, [r3]
10000e64:	f38c 8810 	msr	PRIMASK, ip
10000e68:	2000      	movs	r0, #0
10000e6a:	bd10      	pop	{r4, pc}
10000e6c:	f442 4200 	orr.w	r2, r2, #32768	@ 0x8000
10000e70:	8042      	strh	r2, [r0, #2]
10000e72:	2101      	movs	r1, #1
10000e74:	2200      	movs	r2, #0
10000e76:	6918      	ldr	r0, [r3, #16]
10000e78:	7199      	strb	r1, [r3, #6]
10000e7a:	e8c0 2f8f 	stlb	r2, [r0]
10000e7e:	f38c 8810 	msr	PRIMASK, ip
10000e82:	781c      	ldrb	r4, [r3, #0]
10000e84:	68da      	ldr	r2, [r3, #12]
10000e86:	4608      	mov	r0, r1
10000e88:	f502 5301 	add.w	r3, r2, #8256	@ 0x2040
10000e8c:	40a1      	lsls	r1, r4
10000e8e:	6059      	str	r1, [r3, #4]
10000e90:	bd10      	pop	{r4, pc}
10000e92:	2000      	movs	r0, #0
10000e94:	4770      	bx	lr
10000e96:	bf00      	nop

10000e98 <best_effort_wfe_or_timeout>:
10000e98:	e92d 43f0 	stmdb	sp!, {r4, r5, r6, r7, r8, r9, lr}
10000e9c:	4606      	mov	r6, r0
10000e9e:	460d      	mov	r5, r1
10000ea0:	b083      	sub	sp, #12
10000ea2:	f3ef 8405 	mrs	r4, IPSR
10000ea6:	b2e4      	uxtb	r4, r4
10000ea8:	b174      	cbz	r4, 10000ec8 <best_effort_wfe_or_timeout+0x30>
10000eaa:	4b2f      	ldr	r3, [pc, #188]	@ (10000f68 <best_effort_wfe_or_timeout+0xd0>)
10000eac:	6a58      	ldr	r0, [r3, #36]	@ 0x24
10000eae:	4288      	cmp	r0, r1
10000eb0:	d203      	bcs.n	10000eba <best_effort_wfe_or_timeout+0x22>
10000eb2:	2000      	movs	r0, #0
10000eb4:	b003      	add	sp, #12
10000eb6:	e8bd 83f0 	ldmia.w	sp!, {r4, r5, r6, r7, r8, r9, pc}
10000eba:	6a9b      	ldr	r3, [r3, #40]	@ 0x28
10000ebc:	42b3      	cmp	r3, r6
10000ebe:	d348      	bcc.n	10000f52 <best_effort_wfe_or_timeout+0xba>
10000ec0:	2001      	movs	r0, #1
10000ec2:	b003      	add	sp, #12
10000ec4:	e8bd 83f0 	ldmia.w	sp!, {r4, r5, r6, r7, r8, r9, pc}
10000ec8:	4f28      	ldr	r7, [pc, #160]	@ (10000f6c <best_effort_wfe_or_timeout+0xd4>)
10000eca:	f8d7 900c 	ldr.w	r9, [r7, #12]
10000ece:	f897 8000 	ldrb.w	r8, [r7]
10000ed2:	4648      	mov	r0, r9
10000ed4:	f000 f860 	bl	10000f98 <timer_time_us_64>
10000ed8:	f108 0804 	add.w	r8, r8, #4
10000edc:	f859 3028 	ldr.w	r3, [r9, r8, lsl #2]
10000ee0:	1a1b      	subs	r3, r3, r0
10000ee2:	1a30      	subs	r0, r6, r0
10000ee4:	eb65 0101 	sbc.w	r1, r5, r1
10000ee8:	4298      	cmp	r0, r3
10000eea:	f171 0100 	sbcs.w	r1, r1, #0
10000eee:	db0d      	blt.n	10000f0c <best_effort_wfe_or_timeout+0x74>
10000ef0:	bf20      	wfe
10000ef2:	4b1d      	ldr	r3, [pc, #116]	@ (10000f68 <best_effort_wfe_or_timeout+0xd0>)
10000ef4:	6a58      	ldr	r0, [r3, #36]	@ 0x24
10000ef6:	4285      	cmp	r5, r0
10000ef8:	d8db      	bhi.n	10000eb2 <best_effort_wfe_or_timeout+0x1a>
10000efa:	6a9b      	ldr	r3, [r3, #40]	@ 0x28
10000efc:	42b3      	cmp	r3, r6
10000efe:	d2df      	bcs.n	10000ec0 <best_effort_wfe_or_timeout+0x28>
10000f00:	1a28      	subs	r0, r5, r0
10000f02:	bf18      	it	ne
10000f04:	2001      	movne	r0, #1
10000f06:	b003      	add	sp, #12
10000f08:	e8bd 83f0 	ldmia.w	sp!, {r4, r5, r6, r7, r8, r9, pc}
10000f0c:	f000 f84c 	bl	10000fa8 <time_us_64>
10000f10:	4286      	cmp	r6, r0
10000f12:	eb65 0101 	sbc.w	r1, r5, r1
10000f16:	2900      	cmp	r1, #0
10000f18:	db13      	blt.n	10000f42 <best_effort_wfe_or_timeout+0xaa>
10000f1a:	4b15      	ldr	r3, [pc, #84]	@ (10000f70 <best_effort_wfe_or_timeout+0xd8>)
10000f1c:	4638      	mov	r0, r7
10000f1e:	e9cd 3400 	strd	r3, r4, [sp]
10000f22:	4632      	mov	r2, r6
10000f24:	462b      	mov	r3, r5
10000f26:	f7ff ff13 	bl	10000d50 <alarm_pool_add_alarm_at_force_in_context>
10000f2a:	1e01      	subs	r1, r0, #0
10000f2c:	dd09      	ble.n	10000f42 <best_effort_wfe_or_timeout+0xaa>
10000f2e:	4b0e      	ldr	r3, [pc, #56]	@ (10000f68 <best_effort_wfe_or_timeout+0xd0>)
10000f30:	6a5a      	ldr	r2, [r3, #36]	@ 0x24
10000f32:	4295      	cmp	r5, r2
10000f34:	d815      	bhi.n	10000f62 <best_effort_wfe_or_timeout+0xca>
10000f36:	6a9b      	ldr	r3, [r3, #40]	@ 0x28
10000f38:	42b3      	cmp	r3, r6
10000f3a:	d310      	bcc.n	10000f5e <best_effort_wfe_or_timeout+0xc6>
10000f3c:	480b      	ldr	r0, [pc, #44]	@ (10000f6c <best_effort_wfe_or_timeout+0xd4>)
10000f3e:	f7ff ff6b 	bl	10000e18 <alarm_pool_cancel_alarm>
10000f42:	4b09      	ldr	r3, [pc, #36]	@ (10000f68 <best_effort_wfe_or_timeout+0xd0>)
10000f44:	6a58      	ldr	r0, [r3, #36]	@ 0x24
10000f46:	4285      	cmp	r5, r0
10000f48:	d8b3      	bhi.n	10000eb2 <best_effort_wfe_or_timeout+0x1a>
10000f4a:	6a9b      	ldr	r3, [r3, #40]	@ 0x28
10000f4c:	42b3      	cmp	r3, r6
10000f4e:	d2b7      	bcs.n	10000ec0 <best_effort_wfe_or_timeout+0x28>
10000f50:	e7d6      	b.n	10000f00 <best_effort_wfe_or_timeout+0x68>
10000f52:	1a40      	subs	r0, r0, r1
10000f54:	bf18      	it	ne
10000f56:	2001      	movne	r0, #1
10000f58:	b003      	add	sp, #12
10000f5a:	e8bd 83f0 	ldmia.w	sp!, {r4, r5, r6, r7, r8, r9, pc}
10000f5e:	4295      	cmp	r5, r2
10000f60:	d1ec      	bne.n	10000f3c <best_effort_wfe_or_timeout+0xa4>
10000f62:	bf20      	wfe
10000f64:	e7ea      	b.n	10000f3c <best_effort_wfe_or_timeout+0xa4>
10000f66:	bf00      	nop
10000f68:	400b0000 	.word	0x400b0000
10000f6c:	2000059c 	.word	0x2000059c
10000f70:	1000092d 	.word	0x1000092d

10000f74 <timer_hardware_alarm_claim>:
10000f74:	b410      	push	{r4}
10000f76:	4b05      	ldr	r3, [pc, #20]	@ (10000f8c <timer_hardware_alarm_claim+0x18>)
10000f78:	4c05      	ldr	r4, [pc, #20]	@ (10000f90 <timer_hardware_alarm_claim+0x1c>)
10000f7a:	4a06      	ldr	r2, [pc, #24]	@ (10000f94 <timer_hardware_alarm_claim+0x20>)
10000f7c:	42a0      	cmp	r0, r4
10000f7e:	bf14      	ite	ne
10000f80:	4618      	movne	r0, r3
10000f82:	1c58      	addeq	r0, r3, #1
10000f84:	f85d 4b04 	ldr.w	r4, [sp], #4
10000f88:	f7ff ba92 	b.w	100004b0 <hw_claim_or_assert>
10000f8c:	200008b4 	.word	0x200008b4
10000f90:	400b8000 	.word	0x400b8000
10000f94:	10002bfc 	.word	0x10002bfc

10000f98 <timer_time_us_64>:
10000f98:	4603      	mov	r3, r0
10000f9a:	6a41      	ldr	r1, [r0, #36]	@ 0x24
10000f9c:	460a      	mov	r2, r1
10000f9e:	6a98      	ldr	r0, [r3, #40]	@ 0x28
10000fa0:	6a59      	ldr	r1, [r3, #36]	@ 0x24
10000fa2:	428a      	cmp	r2, r1
10000fa4:	d1fa      	bne.n	10000f9c <timer_time_us_64+0x4>
10000fa6:	4770      	bx	lr

10000fa8 <time_us_64>:
10000fa8:	4b03      	ldr	r3, [pc, #12]	@ (10000fb8 <time_us_64+0x10>)
10000faa:	6a59      	ldr	r1, [r3, #36]	@ 0x24
10000fac:	460a      	mov	r2, r1
10000fae:	6a98      	ldr	r0, [r3, #40]	@ 0x28
10000fb0:	6a59      	ldr	r1, [r3, #36]	@ 0x24
10000fb2:	4291      	cmp	r1, r2
10000fb4:	d1fa      	bne.n	10000fac <time_us_64+0x4>
10000fb6:	4770      	bx	lr
10000fb8:	400b0000 	.word	0x400b0000

10000fbc <busy_wait_us>:
10000fbc:	b430      	push	{r4, r5}
10000fbe:	4a15      	ldr	r2, [pc, #84]	@ (10001014 <busy_wait_us+0x58>)
10000fc0:	6a53      	ldr	r3, [r2, #36]	@ 0x24
10000fc2:	469c      	mov	ip, r3
10000fc4:	6a94      	ldr	r4, [r2, #40]	@ 0x28
10000fc6:	6a53      	ldr	r3, [r2, #36]	@ 0x24
10000fc8:	4563      	cmp	r3, ip
10000fca:	d1fa      	bne.n	10000fc2 <busy_wait_us+0x6>
10000fcc:	1902      	adds	r2, r0, r4
10000fce:	4159      	adcs	r1, r3
10000fd0:	f04f 0500 	mov.w	r5, #0
10000fd4:	bf28      	it	cs
10000fd6:	2501      	movcs	r5, #1
10000fd8:	4b0e      	ldr	r3, [pc, #56]	@ (10001014 <busy_wait_us+0x58>)
10000fda:	6a5b      	ldr	r3, [r3, #36]	@ 0x24
10000fdc:	b1b5      	cbz	r5, 1000100c <busy_wait_us+0x50>
10000fde:	1c5a      	adds	r2, r3, #1
10000fe0:	bf08      	it	eq
10000fe2:	461a      	moveq	r2, r3
10000fe4:	d008      	beq.n	10000ff8 <busy_wait_us+0x3c>
10000fe6:	f04f 31ff 	mov.w	r1, #4294967295	@ 0xffffffff
10000fea:	460a      	mov	r2, r1
10000fec:	4809      	ldr	r0, [pc, #36]	@ (10001014 <busy_wait_us+0x58>)
10000fee:	6a43      	ldr	r3, [r0, #36]	@ 0x24
10000ff0:	428b      	cmp	r3, r1
10000ff2:	d3fc      	bcc.n	10000fee <busy_wait_us+0x32>
10000ff4:	428b      	cmp	r3, r1
10000ff6:	d107      	bne.n	10001008 <busy_wait_us+0x4c>
10000ff8:	4906      	ldr	r1, [pc, #24]	@ (10001014 <busy_wait_us+0x58>)
10000ffa:	e002      	b.n	10001002 <busy_wait_us+0x46>
10000ffc:	6a48      	ldr	r0, [r1, #36]	@ 0x24
10000ffe:	4298      	cmp	r0, r3
10001000:	d102      	bne.n	10001008 <busy_wait_us+0x4c>
10001002:	6a88      	ldr	r0, [r1, #40]	@ 0x28
10001004:	4290      	cmp	r0, r2
10001006:	d3f9      	bcc.n	10000ffc <busy_wait_us+0x40>
10001008:	bc30      	pop	{r4, r5}
1000100a:	4770      	bx	lr
1000100c:	4299      	cmp	r1, r3
1000100e:	d8ed      	bhi.n	10000fec <busy_wait_us+0x30>
10001010:	e7f0      	b.n	10000ff4 <busy_wait_us+0x38>
10001012:	bf00      	nop
10001014:	400b0000 	.word	0x400b0000

10001018 <uart_init>:
10001018:	b5f8      	push	{r3, r4, r5, r6, r7, lr}
1000101a:	4605      	mov	r5, r0
1000101c:	2006      	movs	r0, #6
1000101e:	460e      	mov	r6, r1
10001020:	f000 f8e4 	bl	100011ec <clock_get_hz>
10001024:	2800      	cmp	r0, #0
10001026:	d042      	beq.n	100010ae <uart_init+0x96>
10001028:	4a35      	ldr	r2, [pc, #212]	@ (10001100 <uart_init+0xe8>)
1000102a:	4836      	ldr	r0, [pc, #216]	@ (10001104 <uart_init+0xec>)
1000102c:	4295      	cmp	r5, r2
1000102e:	bf0c      	ite	eq
10001030:	f04f 6200 	moveq.w	r2, #134217728	@ 0x8000000
10001034:	f04f 6280 	movne.w	r2, #67108864	@ 0x4000000
10001038:	4b33      	ldr	r3, [pc, #204]	@ (10001108 <uart_init+0xf0>)
1000103a:	4934      	ldr	r1, [pc, #208]	@ (1000110c <uart_init+0xf4>)
1000103c:	6002      	str	r2, [r0, #0]
1000103e:	601a      	str	r2, [r3, #0]
10001040:	688c      	ldr	r4, [r1, #8]
10001042:	ea32 0404 	bics.w	r4, r2, r4
10001046:	d1fb      	bne.n	10001040 <uart_init+0x28>
10001048:	4b2d      	ldr	r3, [pc, #180]	@ (10001100 <uart_init+0xe8>)
1000104a:	f44f 7180 	mov.w	r1, #256	@ 0x100
1000104e:	1aeb      	subs	r3, r5, r3
10001050:	fab3 f383 	clz	r3, r3
10001054:	4a2e      	ldr	r2, [pc, #184]	@ (10001110 <uart_init+0xf8>)
10001056:	095b      	lsrs	r3, r3, #5
10001058:	2006      	movs	r0, #6
1000105a:	f822 1013 	strh.w	r1, [r2, r3, lsl #1]
1000105e:	f000 f8c5 	bl	100011ec <clock_get_hz>
10001062:	00c3      	lsls	r3, r0, #3
10001064:	fbb3 f3f6 	udiv	r3, r3, r6
10001068:	3301      	adds	r3, #1
1000106a:	09da      	lsrs	r2, r3, #7
1000106c:	d120      	bne.n	100010b0 <uart_init+0x98>
1000106e:	2640      	movs	r6, #64	@ 0x40
10001070:	2101      	movs	r1, #1
10001072:	6269      	str	r1, [r5, #36]	@ 0x24
10001074:	62aa      	str	r2, [r5, #40]	@ 0x28
10001076:	6b2f      	ldr	r7, [r5, #48]	@ 0x30
10001078:	07fb      	lsls	r3, r7, #31
1000107a:	d422      	bmi.n	100010c2 <uart_init+0xaa>
1000107c:	462b      	mov	r3, r5
1000107e:	2200      	movs	r2, #0
10001080:	f853 1f2c 	ldr.w	r1, [r3, #44]!
10001084:	2006      	movs	r0, #6
10001086:	f503 5480 	add.w	r4, r3, #4096	@ 0x1000
1000108a:	6022      	str	r2, [r4, #0]
1000108c:	632f      	str	r7, [r5, #48]	@ 0x30
1000108e:	f000 f8ad 	bl	100011ec <clock_get_hz>
10001092:	6aeb      	ldr	r3, [r5, #44]	@ 0x2c
10001094:	f240 3201 	movw	r2, #769	@ 0x301
10001098:	f083 0370 	eor.w	r3, r3, #112	@ 0x70
1000109c:	f003 037e 	and.w	r3, r3, #126	@ 0x7e
100010a0:	6023      	str	r3, [r4, #0]
100010a2:	0080      	lsls	r0, r0, #2
100010a4:	2303      	movs	r3, #3
100010a6:	fbb0 f0f6 	udiv	r0, r0, r6
100010aa:	632a      	str	r2, [r5, #48]	@ 0x30
100010ac:	64ab      	str	r3, [r5, #72]	@ 0x48
100010ae:	bdf8      	pop	{r3, r4, r5, r6, r7, pc}
100010b0:	f64f 71fe 	movw	r1, #65534	@ 0xfffe
100010b4:	428a      	cmp	r2, r1
100010b6:	d91b      	bls.n	100010f0 <uart_init+0xd8>
100010b8:	4622      	mov	r2, r4
100010ba:	f64f 71ff 	movw	r1, #65535	@ 0xffff
100010be:	4e15      	ldr	r6, [pc, #84]	@ (10001114 <uart_init+0xfc>)
100010c0:	e7d7      	b.n	10001072 <uart_init+0x5a>
100010c2:	f240 3201 	movw	r2, #769	@ 0x301
100010c6:	f505 5340 	add.w	r3, r5, #12288	@ 0x3000
100010ca:	631a      	str	r2, [r3, #48]	@ 0x30
100010cc:	6a6b      	ldr	r3, [r5, #36]	@ 0x24
100010ce:	6aac      	ldr	r4, [r5, #40]	@ 0x28
100010d0:	2006      	movs	r0, #6
100010d2:	eb04 1483 	add.w	r4, r4, r3, lsl #6
100010d6:	f000 f889 	bl	100011ec <clock_get_hz>
100010da:	4b0f      	ldr	r3, [pc, #60]	@ (10001118 <uart_init+0x100>)
100010dc:	02a4      	lsls	r4, r4, #10
100010de:	fba3 2300 	umull	r2, r3, r3, r0
100010e2:	0adb      	lsrs	r3, r3, #11
100010e4:	2100      	movs	r1, #0
100010e6:	fbb4 f0f3 	udiv	r0, r4, r3
100010ea:	f7ff ff67 	bl	10000fbc <busy_wait_us>
100010ee:	e7c5      	b.n	1000107c <uart_init+0x64>
100010f0:	f3c3 0345 	ubfx	r3, r3, #1, #6
100010f4:	4611      	mov	r1, r2
100010f6:	eb03 1682 	add.w	r6, r3, r2, lsl #6
100010fa:	461a      	mov	r2, r3
100010fc:	e7b9      	b.n	10001072 <uart_init+0x5a>
100010fe:	bf00      	nop
10001100:	40078000 	.word	0x40078000
10001104:	40022000 	.word	0x40022000
10001108:	40023000 	.word	0x40023000
1000110c:	40020000 	.word	0x40020000
10001110:	20000918 	.word	0x20000918
10001114:	003fffc0 	.word	0x003fffc0
10001118:	8f2b7b75 	.word	0x8f2b7b75

1000111c <clock_configure_undivided>:
1000111c:	eb00 0c40 	add.w	ip, r0, r0, lsl #1
10001120:	ea4f 0c8c 	mov.w	ip, ip, lsl #2
10001124:	f10c 4c80 	add.w	ip, ip, #1073741824	@ 0x40000000
10001128:	f50c 3c80 	add.w	ip, ip, #65536	@ 0x10000
1000112c:	b5f0      	push	{r4, r5, r6, r7, lr}
1000112e:	4616      	mov	r6, r2
10001130:	f8dc 2004 	ldr.w	r2, [ip, #4]
10001134:	1f05      	subs	r5, r0, #4
10001136:	f5b2 3f80 	cmp.w	r2, #65536	@ 0x10000
1000113a:	bf38      	it	cc
1000113c:	f44f 3280 	movcc.w	r2, #65536	@ 0x10000
10001140:	b2ed      	uxtb	r5, r5
10001142:	bf38      	it	cc
10001144:	f8cc 2004 	strcc.w	r2, [ip, #4]
10001148:	2d01      	cmp	r5, #1
1000114a:	d92a      	bls.n	100011a2 <clock_configure_undivided+0x86>
1000114c:	f44f 6700 	mov.w	r7, #2048	@ 0x800
10001150:	4c25      	ldr	r4, [pc, #148]	@ (100011e8 <clock_configure_undivided+0xcc>)
10001152:	f50c 5240 	add.w	r2, ip, #12288	@ 0x3000
10001156:	6017      	str	r7, [r2, #0]
10001158:	f854 2020 	ldr.w	r2, [r4, r0, lsl #2]
1000115c:	b9b2      	cbnz	r2, 1000118c <clock_configure_undivided+0x70>
1000115e:	f8dc 2000 	ldr.w	r2, [ip]
10001162:	2d01      	cmp	r5, #1
10001164:	ea82 1246 	eor.w	r2, r2, r6, lsl #5
10001168:	f002 02e0 	and.w	r2, r2, #224	@ 0xe0
1000116c:	f50c 5680 	add.w	r6, ip, #4096	@ 0x1000
10001170:	6032      	str	r2, [r6, #0]
10001172:	d92a      	bls.n	100011ca <clock_configure_undivided+0xae>
10001174:	f44f 6100 	mov.w	r1, #2048	@ 0x800
10001178:	f844 3020 	str.w	r3, [r4, r0, lsl #2]
1000117c:	f44f 3380 	mov.w	r3, #65536	@ 0x10000
10001180:	f50c 5200 	add.w	r2, ip, #8192	@ 0x2000
10001184:	6011      	str	r1, [r2, #0]
10001186:	f8cc 3004 	str.w	r3, [ip, #4]
1000118a:	bdf0      	pop	{r4, r5, r6, r7, pc}
1000118c:	6967      	ldr	r7, [r4, #20]
1000118e:	fbb7 fef2 	udiv	lr, r7, r2
10001192:	f10e 0e01 	add.w	lr, lr, #1
10001196:	eb0e 0e4e 	add.w	lr, lr, lr, lsl #1
1000119a:	f1be 0e03 	subs.w	lr, lr, #3
1000119e:	d2fc      	bcs.n	1000119a <clock_configure_undivided+0x7e>
100011a0:	e7dd      	b.n	1000115e <clock_configure_undivided+0x42>
100011a2:	2901      	cmp	r1, #1
100011a4:	d1d2      	bne.n	1000114c <clock_configure_undivided+0x30>
100011a6:	2403      	movs	r4, #3
100011a8:	f50c 5240 	add.w	r2, ip, #12288	@ 0x3000
100011ac:	6014      	str	r4, [r2, #0]
100011ae:	f8dc 2008 	ldr.w	r2, [ip, #8]
100011b2:	07d2      	lsls	r2, r2, #31
100011b4:	d5fb      	bpl.n	100011ae <clock_configure_undivided+0x92>
100011b6:	f8dc 2000 	ldr.w	r2, [ip]
100011ba:	4c0b      	ldr	r4, [pc, #44]	@ (100011e8 <clock_configure_undivided+0xcc>)
100011bc:	ea82 1246 	eor.w	r2, r2, r6, lsl #5
100011c0:	f002 02e0 	and.w	r2, r2, #224	@ 0xe0
100011c4:	f50c 5680 	add.w	r6, ip, #4096	@ 0x1000
100011c8:	6032      	str	r2, [r6, #0]
100011ca:	2201      	movs	r2, #1
100011cc:	f8dc 5000 	ldr.w	r5, [ip]
100011d0:	404d      	eors	r5, r1
100011d2:	f005 0503 	and.w	r5, r5, #3
100011d6:	6035      	str	r5, [r6, #0]
100011d8:	fa02 f101 	lsl.w	r1, r2, r1
100011dc:	f8dc 2008 	ldr.w	r2, [ip, #8]
100011e0:	420a      	tst	r2, r1
100011e2:	d0fb      	beq.n	100011dc <clock_configure_undivided+0xc0>
100011e4:	e7c6      	b.n	10001174 <clock_configure_undivided+0x58>
100011e6:	bf00      	nop
100011e8:	200008b8 	.word	0x200008b8

100011ec <clock_get_hz>:
100011ec:	4b01      	ldr	r3, [pc, #4]	@ (100011f4 <clock_get_hz+0x8>)
100011ee:	f853 0020 	ldr.w	r0, [r3, r0, lsl #2]
100011f2:	4770      	bx	lr
100011f4:	200008b8 	.word	0x200008b8

100011f8 <pll_init>:
100011f8:	b470      	push	{r4, r5, r6}
100011fa:	9d03      	ldr	r5, [sp, #12]
100011fc:	6804      	ldr	r4, [r0, #0]
100011fe:	032d      	lsls	r5, r5, #12
10001200:	ea45 4503 	orr.w	r5, r5, r3, lsl #16
10001204:	4b1b      	ldr	r3, [pc, #108]	@ (10001274 <pll_init+0x7c>)
10001206:	2c00      	cmp	r4, #0
10001208:	fbb3 f3f1 	udiv	r3, r3, r1
1000120c:	fbb2 f6f3 	udiv	r6, r2, r3
10001210:	db1f      	blt.n	10001252 <pll_init+0x5a>
10001212:	4a19      	ldr	r2, [pc, #100]	@ (10001278 <pll_init+0x80>)
10001214:	4b19      	ldr	r3, [pc, #100]	@ (1000127c <pll_init+0x84>)
10001216:	4290      	cmp	r0, r2
10001218:	bf0c      	ite	eq
1000121a:	f44f 4200 	moveq.w	r2, #32768	@ 0x8000
1000121e:	f44f 4280 	movne.w	r2, #16384	@ 0x4000
10001222:	4c17      	ldr	r4, [pc, #92]	@ (10001280 <pll_init+0x88>)
10001224:	601a      	str	r2, [r3, #0]
10001226:	f503 5380 	add.w	r3, r3, #4096	@ 0x1000
1000122a:	601a      	str	r2, [r3, #0]
1000122c:	68a3      	ldr	r3, [r4, #8]
1000122e:	ea32 0303 	bics.w	r3, r2, r3
10001232:	d1fb      	bne.n	1000122c <pll_init+0x34>
10001234:	2221      	movs	r2, #33	@ 0x21
10001236:	f500 5340 	add.w	r3, r0, #12288	@ 0x3000
1000123a:	3304      	adds	r3, #4
1000123c:	6001      	str	r1, [r0, #0]
1000123e:	6086      	str	r6, [r0, #8]
10001240:	601a      	str	r2, [r3, #0]
10001242:	6802      	ldr	r2, [r0, #0]
10001244:	2a00      	cmp	r2, #0
10001246:	dafc      	bge.n	10001242 <pll_init+0x4a>
10001248:	2208      	movs	r2, #8
1000124a:	60c5      	str	r5, [r0, #12]
1000124c:	601a      	str	r2, [r3, #0]
1000124e:	bc70      	pop	{r4, r5, r6}
10001250:	4770      	bx	lr
10001252:	6803      	ldr	r3, [r0, #0]
10001254:	f003 033f 	and.w	r3, r3, #63	@ 0x3f
10001258:	428b      	cmp	r3, r1
1000125a:	d1da      	bne.n	10001212 <pll_init+0x1a>
1000125c:	6883      	ldr	r3, [r0, #8]
1000125e:	f3c3 030b 	ubfx	r3, r3, #0, #12
10001262:	42b3      	cmp	r3, r6
10001264:	d1d5      	bne.n	10001212 <pll_init+0x1a>
10001266:	68c3      	ldr	r3, [r0, #12]
10001268:	f403 23ee 	and.w	r3, r3, #487424	@ 0x77000
1000126c:	42ab      	cmp	r3, r5
1000126e:	d1d0      	bne.n	10001212 <pll_init+0x1a>
10001270:	e7ed      	b.n	1000124e <pll_init+0x56>
10001272:	bf00      	nop
10001274:	00b71b00 	.word	0x00b71b00
10001278:	40058000 	.word	0x40058000
1000127c:	40022000 	.word	0x40022000
10001280:	40020000 	.word	0x40020000

10001284 <tick_start>:
10001284:	2301      	movs	r3, #1
10001286:	eb00 0040 	add.w	r0, r0, r0, lsl #1
1000128a:	0080      	lsls	r0, r0, #2
1000128c:	f100 4080 	add.w	r0, r0, #1073741824	@ 0x40000000
10001290:	f500 1084 	add.w	r0, r0, #1081344	@ 0x108000
10001294:	6041      	str	r1, [r0, #4]
10001296:	6003      	str	r3, [r0, #0]
10001298:	4770      	bx	lr
1000129a:	bf00      	nop

1000129c <rom_func_lookup>:
1000129c:	2300      	movs	r3, #0
1000129e:	8adb      	ldrh	r3, [r3, #22]
100012a0:	2200      	movs	r2, #0
100012a2:	e842 f200 	tt	r2, r2
100012a6:	0252      	lsls	r2, r2, #9
100012a8:	d401      	bmi.n	100012ae <rom_func_lookup+0x12>
100012aa:	2110      	movs	r1, #16
100012ac:	4718      	bx	r3
100012ae:	2104      	movs	r1, #4
100012b0:	4718      	bx	r3
100012b2:	bf00      	nop

100012b4 <runtime_init_bootrom_locking_enable>:
100012b4:	4a03      	ldr	r2, [pc, #12]	@ (100012c4 <runtime_init_bootrom_locking_enable+0x10>)
100012b6:	f8d2 3828 	ldr.w	r3, [r2, #2088]	@ 0x828
100012ba:	2b00      	cmp	r3, #0
100012bc:	d0fb      	beq.n	100012b6 <runtime_init_bootrom_locking_enable+0x2>
100012be:	f3bf 8f5f 	dmb	sy
100012c2:	4770      	bx	lr
100012c4:	400e0000 	.word	0x400e0000

100012c8 <runtime_init_boot_locks_reset>:
100012c8:	2100      	movs	r1, #0
100012ca:	4b04      	ldr	r3, [pc, #16]	@ (100012dc <runtime_init_boot_locks_reset+0x14>)
100012cc:	4a04      	ldr	r2, [pc, #16]	@ (100012e0 <runtime_init_boot_locks_reset+0x18>)
100012ce:	f3bf 8f5f 	dmb	sy
100012d2:	f843 1b04 	str.w	r1, [r3], #4
100012d6:	4293      	cmp	r3, r2
100012d8:	d1f9      	bne.n	100012ce <runtime_init_boot_locks_reset+0x6>
100012da:	4770      	bx	lr
100012dc:	400e080c 	.word	0x400e080c
100012e0:	400e082c 	.word	0x400e082c

100012e4 <xosc_init>:
100012e4:	b410      	push	{r4}
100012e6:	f44f 708d 	mov.w	r0, #282	@ 0x11a
100012ea:	f44f 642a 	mov.w	r4, #2720	@ 0xaa0
100012ee:	4a06      	ldr	r2, [pc, #24]	@ (10001308 <xosc_init+0x24>)
100012f0:	4b06      	ldr	r3, [pc, #24]	@ (1000130c <xosc_init+0x28>)
100012f2:	4907      	ldr	r1, [pc, #28]	@ (10001310 <xosc_init+0x2c>)
100012f4:	6014      	str	r4, [r2, #0]
100012f6:	60d0      	str	r0, [r2, #12]
100012f8:	6019      	str	r1, [r3, #0]
100012fa:	6853      	ldr	r3, [r2, #4]
100012fc:	2b00      	cmp	r3, #0
100012fe:	dafc      	bge.n	100012fa <xosc_init+0x16>
10001300:	f85d 4b04 	ldr.w	r4, [sp], #4
10001304:	4770      	bx	lr
10001306:	bf00      	nop
10001308:	40048000 	.word	0x40048000
1000130c:	4004a000 	.word	0x4004a000
10001310:	00fab000 	.word	0x00fab000

10001314 <first_per_core_initializer>:
10001314:	4770      	bx	lr
10001316:	bf00      	nop

10001318 <hard_assertion_failure>:
10001318:	b508      	push	{r3, lr}
1000131a:	4801      	ldr	r0, [pc, #4]	@ (10001320 <hard_assertion_failure+0x8>)
1000131c:	f7ff f8b0 	bl	10000480 <panic>
10001320:	10002c20 	.word	0x10002c20

10001324 <runtime_run_initializers>:
10001324:	b538      	push	{r3, r4, r5, lr}
10001326:	4c05      	ldr	r4, [pc, #20]	@ (1000133c <runtime_run_initializers+0x18>)
10001328:	4d05      	ldr	r5, [pc, #20]	@ (10001340 <runtime_run_initializers+0x1c>)
1000132a:	42ac      	cmp	r4, r5
1000132c:	d204      	bcs.n	10001338 <runtime_run_initializers+0x14>
1000132e:	f854 3b04 	ldr.w	r3, [r4], #4
10001332:	4798      	blx	r3
10001334:	42ac      	cmp	r4, r5
10001336:	d3fa      	bcc.n	1000132e <runtime_run_initializers+0xa>
10001338:	bd38      	pop	{r3, r4, r5, pc}
1000133a:	bf00      	nop
1000133c:	10002b88 	.word	0x10002b88
10001340:	10002bc8 	.word	0x10002bc8

10001344 <runtime_init_early_resets>:
10001344:	b410      	push	{r4}
10001346:	4807      	ldr	r0, [pc, #28]	@ (10001364 <runtime_init_early_resets+0x20>)
10001348:	4c07      	ldr	r4, [pc, #28]	@ (10001368 <runtime_init_early_resets+0x24>)
1000134a:	4b08      	ldr	r3, [pc, #32]	@ (1000136c <runtime_init_early_resets+0x28>)
1000134c:	4a08      	ldr	r2, [pc, #32]	@ (10001370 <runtime_init_early_resets+0x2c>)
1000134e:	4909      	ldr	r1, [pc, #36]	@ (10001374 <runtime_init_early_resets+0x30>)
10001350:	6004      	str	r4, [r0, #0]
10001352:	601a      	str	r2, [r3, #0]
10001354:	688b      	ldr	r3, [r1, #8]
10001356:	ea32 0303 	bics.w	r3, r2, r3
1000135a:	d1fb      	bne.n	10001354 <runtime_init_early_resets+0x10>
1000135c:	f85d 4b04 	ldr.w	r4, [sp], #4
10001360:	4770      	bx	lr
10001362:	bf00      	nop
10001364:	40022000 	.word	0x40022000
10001368:	efef3b7f 	.word	0xefef3b7f
1000136c:	40023000 	.word	0x40023000
10001370:	03f3fff6 	.word	0x03f3fff6
10001374:	40020000 	.word	0x40020000

10001378 <runtime_init_usb_power_down>:
10001378:	4b04      	ldr	r3, [pc, #16]	@ (1000138c <runtime_init_usb_power_down+0x14>)
1000137a:	6cdb      	ldr	r3, [r3, #76]	@ 0x4c
1000137c:	f5b3 4f00 	cmp.w	r3, #32768	@ 0x8000
10001380:	d103      	bne.n	1000138a <runtime_init_usb_power_down+0x12>
10001382:	f44f 2280 	mov.w	r2, #262144	@ 0x40000
10001386:	4b02      	ldr	r3, [pc, #8]	@ (10001390 <runtime_init_usb_power_down+0x18>)
10001388:	64da      	str	r2, [r3, #76]	@ 0x4c
1000138a:	4770      	bx	lr
1000138c:	50110000 	.word	0x50110000
10001390:	50112000 	.word	0x50112000

10001394 <runtime_init_per_core_enable_coprocessors>:
10001394:	f04f 22e0 	mov.w	r2, #3758153728	@ 0xe000e000
10001398:	4b04      	ldr	r3, [pc, #16]	@ (100013ac <runtime_init_per_core_enable_coprocessors+0x18>)
1000139a:	f8d2 1d88 	ldr.w	r1, [r2, #3464]	@ 0xd88
1000139e:	430b      	orrs	r3, r1
100013a0:	f8c2 3d88 	str.w	r3, [r2, #3464]	@ 0xd88
100013a4:	ee10 0430 	dcp_rcmp r0
100013a8:	4770      	bx	lr
100013aa:	bf00      	nop
100013ac:	00300303 	.word	0x00300303

100013b0 <runtime_init_post_clock_resets>:
100013b0:	f06f 4160 	mvn.w	r1, #3758096384	@ 0xe0000000
100013b4:	4b04      	ldr	r3, [pc, #16]	@ (100013c8 <runtime_init_post_clock_resets+0x18>)
100013b6:	4a05      	ldr	r2, [pc, #20]	@ (100013cc <runtime_init_post_clock_resets+0x1c>)
100013b8:	6019      	str	r1, [r3, #0]
100013ba:	6893      	ldr	r3, [r2, #8]
100013bc:	43db      	mvns	r3, r3
100013be:	f033 4360 	bics.w	r3, r3, #3758096384	@ 0xe0000000
100013c2:	d1fa      	bne.n	100013ba <runtime_init_post_clock_resets+0xa>
100013c4:	4770      	bx	lr
100013c6:	bf00      	nop
100013c8:	40023000 	.word	0x40023000
100013cc:	40020000 	.word	0x40020000

100013d0 <runtime_init_bootrom_reset>:
100013d0:	b510      	push	{r4, lr}
100013d2:	f245 2053 	movw	r0, #21075	@ 0x5253
100013d6:	f7ff ff61 	bl	1000129c <rom_func_lookup>
100013da:	e8bd 4010 	ldmia.w	sp!, {r4, lr}
100013de:	4603      	mov	r3, r0
100013e0:	2004      	movs	r0, #4
100013e2:	4718      	bx	r3

100013e4 <runtime_init_per_core_bootrom_reset>:
100013e4:	b510      	push	{r4, lr}
100013e6:	f245 2053 	movw	r0, #21075	@ 0x5253
100013ea:	f7ff ff57 	bl	1000129c <rom_func_lookup>
100013ee:	e8bd 4010 	ldmia.w	sp!, {r4, lr}
100013f2:	4603      	mov	r3, r0
100013f4:	2001      	movs	r0, #1
100013f6:	4718      	bx	r3

100013f8 <runtime_init_spin_locks_reset>:
100013f8:	f7ff b89a 	b.w	10000530 <spin_locks_reset>

100013fc <runtime_init_install_ram_vector_table>:
100013fc:	b570      	push	{r4, r5, r6, lr}
100013fe:	4917      	ldr	r1, [pc, #92]	@ (1000145c <runtime_init_install_ram_vector_table+0x60>)
10001400:	4c17      	ldr	r4, [pc, #92]	@ (10001460 <runtime_init_install_ram_vector_table+0x64>)
10001402:	4e18      	ldr	r6, [pc, #96]	@ (10001464 <runtime_init_install_ram_vector_table+0x68>)
10001404:	1a64      	subs	r4, r4, r1
10001406:	10a5      	asrs	r5, r4, #2
10001408:	2d44      	cmp	r5, #68	@ 0x44
1000140a:	462a      	mov	r2, r5
1000140c:	bf28      	it	cs
1000140e:	2244      	movcs	r2, #68	@ 0x44
10001410:	4630      	mov	r0, r6
10001412:	0092      	lsls	r2, r2, #2
10001414:	f001 fab0 	bl	10002978 <memcpy>
10001418:	f5b4 7f86 	cmp.w	r4, #268	@ 0x10c
1000141c:	d81a      	bhi.n	10001454 <runtime_init_install_ram_vector_table+0x58>
1000141e:	1c6b      	adds	r3, r5, #1
10001420:	2b44      	cmp	r3, #68	@ 0x44
10001422:	f1c5 0144 	rsb	r1, r5, #68	@ 0x44
10001426:	4a10      	ldr	r2, [pc, #64]	@ (10001468 <runtime_init_install_ram_vector_table+0x6c>)
10001428:	bf88      	it	hi
1000142a:	2101      	movhi	r1, #1
1000142c:	d810      	bhi.n	10001450 <runtime_init_install_ram_vector_table+0x54>
1000142e:	f5b4 7f86 	cmp.w	r4, #268	@ 0x10c
10001432:	d00d      	beq.n	10001450 <runtime_init_install_ram_vector_table+0x54>
10001434:	1933      	adds	r3, r6, r4
10001436:	0848      	lsrs	r0, r1, #1
10001438:	eb03 00c0 	add.w	r0, r3, r0, lsl #3
1000143c:	601a      	str	r2, [r3, #0]
1000143e:	605a      	str	r2, [r3, #4]
10001440:	3308      	adds	r3, #8
10001442:	4283      	cmp	r3, r0
10001444:	d1fa      	bne.n	1000143c <runtime_init_install_ram_vector_table+0x40>
10001446:	07cb      	lsls	r3, r1, #31
10001448:	d504      	bpl.n	10001454 <runtime_init_install_ram_vector_table+0x58>
1000144a:	f021 0101 	bic.w	r1, r1, #1
1000144e:	440d      	add	r5, r1
10001450:	f846 2025 	str.w	r2, [r6, r5, lsl #2]
10001454:	4b05      	ldr	r3, [pc, #20]	@ (1000146c <runtime_init_install_ram_vector_table+0x70>)
10001456:	609e      	str	r6, [r3, #8]
10001458:	bd70      	pop	{r4, r5, r6, pc}
1000145a:	bf00      	nop
1000145c:	10000000 	.word	0x10000000
10001460:	10000110 	.word	0x10000110
10001464:	20000000 	.word	0x20000000
10001468:	10000111 	.word	0x10000111
1000146c:	e000ed00 	.word	0xe000ed00

10001470 <runtime_init_clocks>:
10001470:	2300      	movs	r3, #0
10001472:	b5f0      	push	{r4, r5, r6, r7, lr}
10001474:	4c2b      	ldr	r4, [pc, #172]	@ (10001524 <runtime_init_clocks+0xb4>)
10001476:	b083      	sub	sp, #12
10001478:	f8c4 3084 	str.w	r3, [r4, #132]	@ 0x84
1000147c:	f7ff ff32 	bl	100012e4 <xosc_init>
10001480:	2201      	movs	r2, #1
10001482:	4b29      	ldr	r3, [pc, #164]	@ (10001528 <runtime_init_clocks+0xb8>)
10001484:	63da      	str	r2, [r3, #60]	@ 0x3c
10001486:	6c63      	ldr	r3, [r4, #68]	@ 0x44
10001488:	2b01      	cmp	r3, #1
1000148a:	d1fc      	bne.n	10001486 <runtime_init_clocks+0x16>
1000148c:	2103      	movs	r1, #3
1000148e:	4a26      	ldr	r2, [pc, #152]	@ (10001528 <runtime_init_clocks+0xb8>)
10001490:	4b24      	ldr	r3, [pc, #144]	@ (10001524 <runtime_init_clocks+0xb4>)
10001492:	6311      	str	r1, [r2, #48]	@ 0x30
10001494:	6b9d      	ldr	r5, [r3, #56]	@ 0x38
10001496:	2d01      	cmp	r5, #1
10001498:	d1fc      	bne.n	10001494 <runtime_init_clocks+0x24>
1000149a:	2305      	movs	r3, #5
1000149c:	2702      	movs	r7, #2
1000149e:	461e      	mov	r6, r3
100014a0:	2400      	movs	r4, #0
100014a2:	4629      	mov	r1, r5
100014a4:	4a21      	ldr	r2, [pc, #132]	@ (1000152c <runtime_init_clocks+0xbc>)
100014a6:	4822      	ldr	r0, [pc, #136]	@ (10001530 <runtime_init_clocks+0xc0>)
100014a8:	9700      	str	r7, [sp, #0]
100014aa:	f7ff fea5 	bl	100011f8 <pll_init>
100014ae:	4629      	mov	r1, r5
100014b0:	4633      	mov	r3, r6
100014b2:	4a20      	ldr	r2, [pc, #128]	@ (10001534 <runtime_init_clocks+0xc4>)
100014b4:	4820      	ldr	r0, [pc, #128]	@ (10001538 <runtime_init_clocks+0xc8>)
100014b6:	9600      	str	r6, [sp, #0]
100014b8:	f7ff fe9e 	bl	100011f8 <pll_init>
100014bc:	4639      	mov	r1, r7
100014be:	4622      	mov	r2, r4
100014c0:	2004      	movs	r0, #4
100014c2:	4b1e      	ldr	r3, [pc, #120]	@ (1000153c <runtime_init_clocks+0xcc>)
100014c4:	f7ff fe2a 	bl	1000111c <clock_configure_undivided>
100014c8:	4629      	mov	r1, r5
100014ca:	4622      	mov	r2, r4
100014cc:	4630      	mov	r0, r6
100014ce:	4b1c      	ldr	r3, [pc, #112]	@ (10001540 <runtime_init_clocks+0xd0>)
100014d0:	f7ff fe24 	bl	1000111c <clock_configure_undivided>
100014d4:	4622      	mov	r2, r4
100014d6:	2008      	movs	r0, #8
100014d8:	4621      	mov	r1, r4
100014da:	4b1a      	ldr	r3, [pc, #104]	@ (10001544 <runtime_init_clocks+0xd4>)
100014dc:	f7ff fe1e 	bl	1000111c <clock_configure_undivided>
100014e0:	4622      	mov	r2, r4
100014e2:	2009      	movs	r0, #9
100014e4:	4621      	mov	r1, r4
100014e6:	4b17      	ldr	r3, [pc, #92]	@ (10001544 <runtime_init_clocks+0xd4>)
100014e8:	f7ff fe18 	bl	1000111c <clock_configure_undivided>
100014ec:	4622      	mov	r2, r4
100014ee:	2006      	movs	r0, #6
100014f0:	4621      	mov	r1, r4
100014f2:	4b13      	ldr	r3, [pc, #76]	@ (10001540 <runtime_init_clocks+0xd0>)
100014f4:	f7ff fe12 	bl	1000111c <clock_configure_undivided>
100014f8:	4b11      	ldr	r3, [pc, #68]	@ (10001540 <runtime_init_clocks+0xd0>)
100014fa:	4622      	mov	r2, r4
100014fc:	2007      	movs	r0, #7
100014fe:	4621      	mov	r1, r4
10001500:	f7ff fe0c 	bl	1000111c <clock_configure_undivided>
10001504:	2004      	movs	r0, #4
10001506:	f7ff fe71 	bl	100011ec <clock_get_hz>
1000150a:	4b0f      	ldr	r3, [pc, #60]	@ (10001548 <runtime_init_clocks+0xd8>)
1000150c:	fba3 3500 	umull	r3, r5, r3, r0
10001510:	0cad      	lsrs	r5, r5, #18
10001512:	b2e0      	uxtb	r0, r4
10001514:	4629      	mov	r1, r5
10001516:	3401      	adds	r4, #1
10001518:	f7ff feb4 	bl	10001284 <tick_start>
1000151c:	2c06      	cmp	r4, #6
1000151e:	d1f8      	bne.n	10001512 <runtime_init_clocks+0xa2>
10001520:	b003      	add	sp, #12
10001522:	bdf0      	pop	{r4, r5, r6, r7, pc}
10001524:	40010000 	.word	0x40010000
10001528:	40013000 	.word	0x40013000
1000152c:	59682f00 	.word	0x59682f00
10001530:	40050000 	.word	0x40050000
10001534:	47868c00 	.word	0x47868c00
10001538:	40058000 	.word	0x40058000
1000153c:	00b71b00 	.word	0x00b71b00
10001540:	08f0d180 	.word	0x08f0d180
10001544:	02dc6c00 	.word	0x02dc6c00
10001548:	431bde83 	.word	0x431bde83

1000154c <_out_char>:
1000154c:	b900      	cbnz	r0, 10001550 <_out_char+0x4>
1000154e:	4770      	bx	lr
10001550:	f000 b922 	b.w	10001798 <__wrap_putchar>

10001554 <weak_raw_vprintf>:
10001554:	b510      	push	{r4, lr}
10001556:	4b09      	ldr	r3, [pc, #36]	@ (1000157c <weak_raw_vprintf+0x28>)
10001558:	b084      	sub	sp, #16
1000155a:	681c      	ldr	r4, [r3, #0]
1000155c:	b14c      	cbz	r4, 10001572 <weak_raw_vprintf+0x1e>
1000155e:	4603      	mov	r3, r0
10001560:	9100      	str	r1, [sp, #0]
10001562:	f04f 32ff 	mov.w	r2, #4294967295	@ 0xffffffff
10001566:	a903      	add	r1, sp, #12
10001568:	4805      	ldr	r0, [pc, #20]	@ (10001580 <weak_raw_vprintf+0x2c>)
1000156a:	47a0      	blx	r4
1000156c:	2001      	movs	r0, #1
1000156e:	b004      	add	sp, #16
10001570:	bd10      	pop	{r4, pc}
10001572:	f000 f953 	bl	1000181c <__wrap_puts>
10001576:	4620      	mov	r0, r4
10001578:	b004      	add	sp, #16
1000157a:	bd10      	pop	{r4, pc}
1000157c:	200008e8 	.word	0x200008e8
10001580:	1000154d 	.word	0x1000154d

10001584 <_exit>:
10001584:	be00      	bkpt	0x0000
10001586:	e7fd      	b.n	10001584 <_exit>

10001588 <exit>:
10001588:	b508      	push	{r3, lr}
1000158a:	f7ff fffb 	bl	10001584 <_exit>
1000158e:	bf00      	nop

10001590 <runtime_init>:
10001590:	b538      	push	{r3, r4, r5, lr}
10001592:	4d06      	ldr	r5, [pc, #24]	@ (100015ac <runtime_init+0x1c>)
10001594:	4c06      	ldr	r4, [pc, #24]	@ (100015b0 <runtime_init+0x20>)
10001596:	f7ff fec5 	bl	10001324 <runtime_run_initializers>
1000159a:	42ac      	cmp	r4, r5
1000159c:	d204      	bcs.n	100015a8 <runtime_init+0x18>
1000159e:	f854 3b04 	ldr.w	r3, [r4], #4
100015a2:	4798      	blx	r3
100015a4:	42ac      	cmp	r4, r5
100015a6:	d3fa      	bcc.n	1000159e <runtime_init+0xe>
100015a8:	bd38      	pop	{r3, r4, r5, pc}
100015aa:	bf00      	nop
100015ac:	10002bcc 	.word	0x10002bcc
100015b0:	10002bc8 	.word	0x10002bc8

100015b4 <stdio_out_chars_no_crlf>:
100015b4:	6803      	ldr	r3, [r0, #0]
100015b6:	4608      	mov	r0, r1
100015b8:	4611      	mov	r1, r2
100015ba:	4718      	bx	r3

100015bc <stdio_out_chars_crlf>:
100015bc:	e92d 4ff0 	stmdb	sp!, {r4, r5, r6, r7, r8, r9, sl, fp, lr}
100015c0:	7d43      	ldrb	r3, [r0, #21]
100015c2:	4682      	mov	sl, r0
100015c4:	4688      	mov	r8, r1
100015c6:	4617      	mov	r7, r2
100015c8:	b081      	sub	sp, #4
100015ca:	2b00      	cmp	r3, #0
100015cc:	d047      	beq.n	1000165e <stdio_out_chars_crlf+0xa2>
100015ce:	2a00      	cmp	r2, #0
100015d0:	dd24      	ble.n	1000161c <stdio_out_chars_crlf+0x60>
100015d2:	2400      	movs	r4, #0
100015d4:	2501      	movs	r5, #1
100015d6:	4620      	mov	r0, r4
100015d8:	f8df 9094 	ldr.w	r9, [pc, #148]	@ 10001670 <stdio_out_chars_crlf+0xb4>
100015dc:	1e4e      	subs	r6, r1, #1
100015de:	b304      	cbz	r4, 10001622 <stdio_out_chars_crlf+0x66>
100015e0:	7873      	ldrb	r3, [r6, #1]
100015e2:	f106 0b01 	add.w	fp, r6, #1
100015e6:	2b0a      	cmp	r3, #10
100015e8:	d026      	beq.n	10001638 <stdio_out_chars_crlf+0x7c>
100015ea:	462b      	mov	r3, r5
100015ec:	465e      	mov	r6, fp
100015ee:	42bb      	cmp	r3, r7
100015f0:	f104 0401 	add.w	r4, r4, #1
100015f4:	f105 0501 	add.w	r5, r5, #1
100015f8:	dbf1      	blt.n	100015de <stdio_out_chars_crlf+0x22>
100015fa:	4287      	cmp	r7, r0
100015fc:	dd04      	ble.n	10001608 <stdio_out_chars_crlf+0x4c>
100015fe:	1a39      	subs	r1, r7, r0
10001600:	f8da 3000 	ldr.w	r3, [sl]
10001604:	4440      	add	r0, r8
10001606:	4798      	blx	r3
10001608:	44b8      	add	r8, r7
1000160a:	f818 3c01 	ldrb.w	r3, [r8, #-1]
1000160e:	f1a3 030d 	sub.w	r3, r3, #13
10001612:	fab3 f383 	clz	r3, r3
10001616:	095b      	lsrs	r3, r3, #5
10001618:	f88a 3014 	strb.w	r3, [sl, #20]
1000161c:	b001      	add	sp, #4
1000161e:	e8bd 8ff0 	ldmia.w	sp!, {r4, r5, r6, r7, r8, r9, sl, fp, pc}
10001622:	7873      	ldrb	r3, [r6, #1]
10001624:	f106 0b01 	add.w	fp, r6, #1
10001628:	2b0a      	cmp	r3, #10
1000162a:	d1de      	bne.n	100015ea <stdio_out_chars_crlf+0x2e>
1000162c:	f89a 3014 	ldrb.w	r3, [sl, #20]
10001630:	b163      	cbz	r3, 1000164c <stdio_out_chars_crlf+0x90>
10001632:	465e      	mov	r6, fp
10001634:	462b      	mov	r3, r5
10001636:	e7da      	b.n	100015ee <stdio_out_chars_crlf+0x32>
10001638:	7833      	ldrb	r3, [r6, #0]
1000163a:	2b0d      	cmp	r3, #13
1000163c:	d0f9      	beq.n	10001632 <stdio_out_chars_crlf+0x76>
1000163e:	42a0      	cmp	r0, r4
10001640:	da04      	bge.n	1000164c <stdio_out_chars_crlf+0x90>
10001642:	1a21      	subs	r1, r4, r0
10001644:	f8da 3000 	ldr.w	r3, [sl]
10001648:	4440      	add	r0, r8
1000164a:	4798      	blx	r3
1000164c:	4648      	mov	r0, r9
1000164e:	f8da 3000 	ldr.w	r3, [sl]
10001652:	2102      	movs	r1, #2
10001654:	4798      	blx	r3
10001656:	465e      	mov	r6, fp
10001658:	4628      	mov	r0, r5
1000165a:	462b      	mov	r3, r5
1000165c:	e7c7      	b.n	100015ee <stdio_out_chars_crlf+0x32>
1000165e:	4611      	mov	r1, r2
10001660:	4640      	mov	r0, r8
10001662:	f8da 3000 	ldr.w	r3, [sl]
10001666:	b001      	add	sp, #4
10001668:	e8bd 4ff0 	ldmia.w	sp!, {r4, r5, r6, r7, r8, r9, sl, fp, lr}
1000166c:	4718      	bx	r3
1000166e:	bf00      	nop
10001670:	10002cc0 	.word	0x10002cc0

10001674 <stdio_put_string>:
10001674:	e92d 47f0 	stmdb	sp!, {r4, r5, r6, r7, r8, r9, sl, lr}
10001678:	b082      	sub	sp, #8
1000167a:	460d      	mov	r5, r1
1000167c:	4692      	mov	sl, r2
1000167e:	4699      	mov	r9, r3
10001680:	4607      	mov	r7, r0
10001682:	f7ff fc91 	bl	10000fa8 <time_us_64>
10001686:	f04f 36ff 	mov.w	r6, #4294967295	@ 0xffffffff
1000168a:	f06f 4400 	mvn.w	r4, #2147483648	@ 0x80000000
1000168e:	4a2f      	ldr	r2, [pc, #188]	@ (1000174c <stdio_put_string+0xd8>)
10001690:	1882      	adds	r2, r0, r2
10001692:	f141 0300 	adc.w	r3, r1, #0
10001696:	4296      	cmp	r6, r2
10001698:	eb74 0103 	sbcs.w	r1, r4, r3
1000169c:	bf3c      	itt	cc
1000169e:	4632      	movcc	r2, r6
100016a0:	4623      	movcc	r3, r4
100016a2:	482b      	ldr	r0, [pc, #172]	@ (10001750 <stdio_put_string+0xdc>)
100016a4:	f001 fa6c 	bl	10002b80 <__mutex_try_enter_block_until_veneer>
100016a8:	1c6b      	adds	r3, r5, #1
100016aa:	4680      	mov	r8, r0
100016ac:	d103      	bne.n	100016b6 <stdio_put_string+0x42>
100016ae:	4638      	mov	r0, r7
100016b0:	f001 fa2c 	bl	10002b0c <strlen>
100016b4:	4605      	mov	r5, r0
100016b6:	4b27      	ldr	r3, [pc, #156]	@ (10001754 <stdio_put_string+0xe0>)
100016b8:	4e27      	ldr	r6, [pc, #156]	@ (10001758 <stdio_put_string+0xe4>)
100016ba:	681c      	ldr	r4, [r3, #0]
100016bc:	4b27      	ldr	r3, [pc, #156]	@ (1000175c <stdio_put_string+0xe8>)
100016be:	f1b9 0f00 	cmp.w	r9, #0
100016c2:	bf18      	it	ne
100016c4:	461e      	movne	r6, r3
100016c6:	b1b4      	cbz	r4, 100016f6 <stdio_put_string+0x82>
100016c8:	f1ba 0f00 	cmp.w	sl, #0
100016cc:	d11a      	bne.n	10001704 <stdio_put_string+0x90>
100016ce:	f8df 9090 	ldr.w	r9, [pc, #144]	@ 10001760 <stdio_put_string+0xec>
100016d2:	e001      	b.n	100016d8 <stdio_put_string+0x64>
100016d4:	6924      	ldr	r4, [r4, #16]
100016d6:	b174      	cbz	r4, 100016f6 <stdio_put_string+0x82>
100016d8:	6823      	ldr	r3, [r4, #0]
100016da:	2b00      	cmp	r3, #0
100016dc:	d0fa      	beq.n	100016d4 <stdio_put_string+0x60>
100016de:	f8d9 3000 	ldr.w	r3, [r9]
100016e2:	b10b      	cbz	r3, 100016e8 <stdio_put_string+0x74>
100016e4:	42a3      	cmp	r3, r4
100016e6:	d1f5      	bne.n	100016d4 <stdio_put_string+0x60>
100016e8:	4620      	mov	r0, r4
100016ea:	462a      	mov	r2, r5
100016ec:	4639      	mov	r1, r7
100016ee:	47b0      	blx	r6
100016f0:	6924      	ldr	r4, [r4, #16]
100016f2:	2c00      	cmp	r4, #0
100016f4:	d1f0      	bne.n	100016d8 <stdio_put_string+0x64>
100016f6:	f1b8 0f00 	cmp.w	r8, #0
100016fa:	d11f      	bne.n	1000173c <stdio_put_string+0xc8>
100016fc:	4628      	mov	r0, r5
100016fe:	b002      	add	sp, #8
10001700:	e8bd 87f0 	ldmia.w	sp!, {r4, r5, r6, r7, r8, r9, sl, pc}
10001704:	f04f 0a0a 	mov.w	sl, #10
10001708:	f8df 9054 	ldr.w	r9, [pc, #84]	@ 10001760 <stdio_put_string+0xec>
1000170c:	e002      	b.n	10001714 <stdio_put_string+0xa0>
1000170e:	6924      	ldr	r4, [r4, #16]
10001710:	2c00      	cmp	r4, #0
10001712:	d0f0      	beq.n	100016f6 <stdio_put_string+0x82>
10001714:	6823      	ldr	r3, [r4, #0]
10001716:	2b00      	cmp	r3, #0
10001718:	d0f9      	beq.n	1000170e <stdio_put_string+0x9a>
1000171a:	f8d9 3000 	ldr.w	r3, [r9]
1000171e:	b10b      	cbz	r3, 10001724 <stdio_put_string+0xb0>
10001720:	42a3      	cmp	r3, r4
10001722:	d1f4      	bne.n	1000170e <stdio_put_string+0x9a>
10001724:	4620      	mov	r0, r4
10001726:	462a      	mov	r2, r5
10001728:	4639      	mov	r1, r7
1000172a:	47b0      	blx	r6
1000172c:	4620      	mov	r0, r4
1000172e:	2201      	movs	r2, #1
10001730:	f10d 0107 	add.w	r1, sp, #7
10001734:	f88d a007 	strb.w	sl, [sp, #7]
10001738:	47b0      	blx	r6
1000173a:	e7e8      	b.n	1000170e <stdio_put_string+0x9a>
1000173c:	4804      	ldr	r0, [pc, #16]	@ (10001750 <stdio_put_string+0xdc>)
1000173e:	f001 fa1b 	bl	10002b78 <__mutex_exit_veneer>
10001742:	4628      	mov	r0, r5
10001744:	b002      	add	sp, #8
10001746:	e8bd 87f0 	ldmia.w	sp!, {r4, r5, r6, r7, r8, r9, sl, pc}
1000174a:	bf00      	nop
1000174c:	000f4240 	.word	0x000f4240
10001750:	200005cc 	.word	0x200005cc
10001754:	200008e0 	.word	0x200008e0
10001758:	100015b5 	.word	0x100015b5
1000175c:	100015bd 	.word	0x100015bd
10001760:	200008e4 	.word	0x200008e4

10001764 <stdio_set_driver_enabled>:
10001764:	4a08      	ldr	r2, [pc, #32]	@ (10001788 <stdio_set_driver_enabled+0x24>)
10001766:	6813      	ldr	r3, [r2, #0]
10001768:	b923      	cbnz	r3, 10001774 <stdio_set_driver_enabled+0x10>
1000176a:	e00a      	b.n	10001782 <stdio_set_driver_enabled+0x1e>
1000176c:	f103 0210 	add.w	r2, r3, #16
10001770:	691b      	ldr	r3, [r3, #16]
10001772:	b133      	cbz	r3, 10001782 <stdio_set_driver_enabled+0x1e>
10001774:	4298      	cmp	r0, r3
10001776:	d1f9      	bne.n	1000176c <stdio_set_driver_enabled+0x8>
10001778:	b929      	cbnz	r1, 10001786 <stdio_set_driver_enabled+0x22>
1000177a:	6903      	ldr	r3, [r0, #16]
1000177c:	6013      	str	r3, [r2, #0]
1000177e:	6101      	str	r1, [r0, #16]
10001780:	4770      	bx	lr
10001782:	b101      	cbz	r1, 10001786 <stdio_set_driver_enabled+0x22>
10001784:	6010      	str	r0, [r2, #0]
10001786:	4770      	bx	lr
10001788:	200008e0 	.word	0x200008e0

1000178c <stdio_init_all>:
1000178c:	b508      	push	{r3, lr}
1000178e:	f000 f92f 	bl	100019f0 <stdio_uart_init>
10001792:	2001      	movs	r0, #1
10001794:	bd08      	pop	{r3, pc}
10001796:	bf00      	nop

10001798 <__wrap_putchar>:
10001798:	b5f0      	push	{r4, r5, r6, r7, lr}
1000179a:	b083      	sub	sp, #12
1000179c:	4606      	mov	r6, r0
1000179e:	f88d 0007 	strb.w	r0, [sp, #7]
100017a2:	f7ff fc01 	bl	10000fa8 <time_us_64>
100017a6:	f04f 35ff 	mov.w	r5, #4294967295	@ 0xffffffff
100017aa:	f06f 4400 	mvn.w	r4, #2147483648	@ 0x80000000
100017ae:	4a17      	ldr	r2, [pc, #92]	@ (1000180c <__wrap_putchar+0x74>)
100017b0:	1882      	adds	r2, r0, r2
100017b2:	f141 0300 	adc.w	r3, r1, #0
100017b6:	4295      	cmp	r5, r2
100017b8:	eb74 0103 	sbcs.w	r1, r4, r3
100017bc:	bf3c      	itt	cc
100017be:	4623      	movcc	r3, r4
100017c0:	462a      	movcc	r2, r5
100017c2:	4813      	ldr	r0, [pc, #76]	@ (10001810 <__wrap_putchar+0x78>)
100017c4:	f001 f9dc 	bl	10002b80 <__mutex_try_enter_block_until_veneer>
100017c8:	4b12      	ldr	r3, [pc, #72]	@ (10001814 <__wrap_putchar+0x7c>)
100017ca:	4607      	mov	r7, r0
100017cc:	681c      	ldr	r4, [r3, #0]
100017ce:	b19c      	cbz	r4, 100017f8 <__wrap_putchar+0x60>
100017d0:	4d11      	ldr	r5, [pc, #68]	@ (10001818 <__wrap_putchar+0x80>)
100017d2:	e001      	b.n	100017d8 <__wrap_putchar+0x40>
100017d4:	6924      	ldr	r4, [r4, #16]
100017d6:	b17c      	cbz	r4, 100017f8 <__wrap_putchar+0x60>
100017d8:	6823      	ldr	r3, [r4, #0]
100017da:	2b00      	cmp	r3, #0
100017dc:	d0fa      	beq.n	100017d4 <__wrap_putchar+0x3c>
100017de:	682b      	ldr	r3, [r5, #0]
100017e0:	b10b      	cbz	r3, 100017e6 <__wrap_putchar+0x4e>
100017e2:	42a3      	cmp	r3, r4
100017e4:	d1f6      	bne.n	100017d4 <__wrap_putchar+0x3c>
100017e6:	4620      	mov	r0, r4
100017e8:	2201      	movs	r2, #1
100017ea:	f10d 0107 	add.w	r1, sp, #7
100017ee:	f7ff fee5 	bl	100015bc <stdio_out_chars_crlf>
100017f2:	6924      	ldr	r4, [r4, #16]
100017f4:	2c00      	cmp	r4, #0
100017f6:	d1ef      	bne.n	100017d8 <__wrap_putchar+0x40>
100017f8:	b917      	cbnz	r7, 10001800 <__wrap_putchar+0x68>
100017fa:	4630      	mov	r0, r6
100017fc:	b003      	add	sp, #12
100017fe:	bdf0      	pop	{r4, r5, r6, r7, pc}
10001800:	4803      	ldr	r0, [pc, #12]	@ (10001810 <__wrap_putchar+0x78>)
10001802:	f001 f9b9 	bl	10002b78 <__mutex_exit_veneer>
10001806:	4630      	mov	r0, r6
10001808:	b003      	add	sp, #12
1000180a:	bdf0      	pop	{r4, r5, r6, r7, pc}
1000180c:	000f4240 	.word	0x000f4240
10001810:	200005cc 	.word	0x200005cc
10001814:	200008e0 	.word	0x200008e0
10001818:	200008e4 	.word	0x200008e4

1000181c <__wrap_puts>:
1000181c:	b538      	push	{r3, r4, r5, lr}
1000181e:	4604      	mov	r4, r0
10001820:	f001 f974 	bl	10002b0c <strlen>
10001824:	2301      	movs	r3, #1
10001826:	4605      	mov	r5, r0
10001828:	461a      	mov	r2, r3
1000182a:	4620      	mov	r0, r4
1000182c:	4629      	mov	r1, r5
1000182e:	f7ff ff21 	bl	10001674 <stdio_put_string>
10001832:	4b08      	ldr	r3, [pc, #32]	@ (10001854 <__wrap_puts+0x38>)
10001834:	681c      	ldr	r4, [r3, #0]
10001836:	b12c      	cbz	r4, 10001844 <__wrap_puts+0x28>
10001838:	6863      	ldr	r3, [r4, #4]
1000183a:	b12b      	cbz	r3, 10001848 <__wrap_puts+0x2c>
1000183c:	4798      	blx	r3
1000183e:	6924      	ldr	r4, [r4, #16]
10001840:	2c00      	cmp	r4, #0
10001842:	d1f9      	bne.n	10001838 <__wrap_puts+0x1c>
10001844:	4628      	mov	r0, r5
10001846:	bd38      	pop	{r3, r4, r5, pc}
10001848:	6924      	ldr	r4, [r4, #16]
1000184a:	2c00      	cmp	r4, #0
1000184c:	d1f4      	bne.n	10001838 <__wrap_puts+0x1c>
1000184e:	4628      	mov	r0, r5
10001850:	bd38      	pop	{r3, r4, r5, pc}
10001852:	bf00      	nop
10001854:	200008e0 	.word	0x200008e0

10001858 <stdio_uart_out_chars>:
10001858:	f1b1 0c00 	subs.w	ip, r1, #0
1000185c:	dd1d      	ble.n	1000189a <stdio_uart_out_chars+0x42>
1000185e:	4a0f      	ldr	r2, [pc, #60]	@ (1000189c <stdio_uart_out_chars+0x44>)
10001860:	4b0f      	ldr	r3, [pc, #60]	@ (100018a0 <stdio_uart_out_chars+0x48>)
10001862:	6812      	ldr	r2, [r2, #0]
10001864:	b530      	push	{r4, r5, lr}
10001866:	1ad3      	subs	r3, r2, r3
10001868:	fab3 f383 	clz	r3, r3
1000186c:	240d      	movs	r4, #13
1000186e:	4d0d      	ldr	r5, [pc, #52]	@ (100018a4 <stdio_uart_out_chars+0x4c>)
10001870:	095b      	lsrs	r3, r3, #5
10001872:	1e41      	subs	r1, r0, #1
10001874:	f935 e013 	ldrsh.w	lr, [r5, r3, lsl #1]
10001878:	448c      	add	ip, r1
1000187a:	f811 0f01 	ldrb.w	r0, [r1, #1]!
1000187e:	4586      	cmp	lr, r0
10001880:	d006      	beq.n	10001890 <stdio_uart_out_chars+0x38>
10001882:	6993      	ldr	r3, [r2, #24]
10001884:	069b      	lsls	r3, r3, #26
10001886:	d4fc      	bmi.n	10001882 <stdio_uart_out_chars+0x2a>
10001888:	4561      	cmp	r1, ip
1000188a:	6010      	str	r0, [r2, #0]
1000188c:	d1f5      	bne.n	1000187a <stdio_uart_out_chars+0x22>
1000188e:	bd30      	pop	{r4, r5, pc}
10001890:	6993      	ldr	r3, [r2, #24]
10001892:	069d      	lsls	r5, r3, #26
10001894:	d4fc      	bmi.n	10001890 <stdio_uart_out_chars+0x38>
10001896:	6014      	str	r4, [r2, #0]
10001898:	e7f3      	b.n	10001882 <stdio_uart_out_chars+0x2a>
1000189a:	4770      	bx	lr
1000189c:	2000091c 	.word	0x2000091c
100018a0:	40078000 	.word	0x40078000
100018a4:	20000918 	.word	0x20000918

100018a8 <stdio_uart_in_chars>:
100018a8:	f1b1 0c00 	subs.w	ip, r1, #0
100018ac:	4603      	mov	r3, r0
100018ae:	dd2d      	ble.n	1000190c <stdio_uart_in_chars+0x64>
100018b0:	2000      	movs	r0, #0
100018b2:	4a1f      	ldr	r2, [pc, #124]	@ (10001930 <stdio_uart_in_chars+0x88>)
100018b4:	1e59      	subs	r1, r3, #1
100018b6:	6812      	ldr	r2, [r2, #0]
100018b8:	6993      	ldr	r3, [r2, #24]
100018ba:	06db      	lsls	r3, r3, #27
100018bc:	d417      	bmi.n	100018ee <stdio_uart_in_chars+0x46>
100018be:	3001      	adds	r0, #1
100018c0:	6993      	ldr	r3, [r2, #24]
100018c2:	06db      	lsls	r3, r3, #27
100018c4:	d4fc      	bmi.n	100018c0 <stdio_uart_in_chars+0x18>
100018c6:	6813      	ldr	r3, [r2, #0]
100018c8:	4584      	cmp	ip, r0
100018ca:	f801 3f01 	strb.w	r3, [r1, #1]!
100018ce:	d1f3      	bne.n	100018b8 <stdio_uart_in_chars+0x10>
100018d0:	4b18      	ldr	r3, [pc, #96]	@ (10001934 <stdio_uart_in_chars+0x8c>)
100018d2:	681b      	ldr	r3, [r3, #0]
100018d4:	b14b      	cbz	r3, 100018ea <stdio_uart_in_chars+0x42>
100018d6:	2150      	movs	r1, #80	@ 0x50
100018d8:	4613      	mov	r3, r2
100018da:	6391      	str	r1, [r2, #56]	@ 0x38
100018dc:	f853 2f34 	ldr.w	r2, [r3, #52]!
100018e0:	f002 0238 	and.w	r2, r2, #56	@ 0x38
100018e4:	f503 5380 	add.w	r3, r3, #4096	@ 0x1000
100018e8:	601a      	str	r2, [r3, #0]
100018ea:	4660      	mov	r0, ip
100018ec:	4770      	bx	lr
100018ee:	4b11      	ldr	r3, [pc, #68]	@ (10001934 <stdio_uart_in_chars+0x8c>)
100018f0:	681b      	ldr	r3, [r3, #0]
100018f2:	b14b      	cbz	r3, 10001908 <stdio_uart_in_chars+0x60>
100018f4:	2150      	movs	r1, #80	@ 0x50
100018f6:	4613      	mov	r3, r2
100018f8:	6391      	str	r1, [r2, #56]	@ 0x38
100018fa:	f853 2f34 	ldr.w	r2, [r3, #52]!
100018fe:	f002 0238 	and.w	r2, r2, #56	@ 0x38
10001902:	f503 5380 	add.w	r3, r3, #4096	@ 0x1000
10001906:	601a      	str	r2, [r3, #0]
10001908:	b178      	cbz	r0, 1000192a <stdio_uart_in_chars+0x82>
1000190a:	4770      	bx	lr
1000190c:	4b09      	ldr	r3, [pc, #36]	@ (10001934 <stdio_uart_in_chars+0x8c>)
1000190e:	681b      	ldr	r3, [r3, #0]
10001910:	b15b      	cbz	r3, 1000192a <stdio_uart_in_chars+0x82>
10001912:	4b07      	ldr	r3, [pc, #28]	@ (10001930 <stdio_uart_in_chars+0x88>)
10001914:	2150      	movs	r1, #80	@ 0x50
10001916:	681a      	ldr	r2, [r3, #0]
10001918:	4613      	mov	r3, r2
1000191a:	6391      	str	r1, [r2, #56]	@ 0x38
1000191c:	f853 2f34 	ldr.w	r2, [r3, #52]!
10001920:	f002 0238 	and.w	r2, r2, #56	@ 0x38
10001924:	f503 5380 	add.w	r3, r3, #4096	@ 0x1000
10001928:	601a      	str	r2, [r3, #0]
1000192a:	f06f 0002 	mvn.w	r0, #2
1000192e:	4770      	bx	lr
10001930:	2000091c 	.word	0x2000091c
10001934:	200008ac 	.word	0x200008ac

10001938 <on_uart_rx>:
10001938:	4b05      	ldr	r3, [pc, #20]	@ (10001950 <on_uart_rx+0x18>)
1000193a:	681b      	ldr	r3, [r3, #0]
1000193c:	b133      	cbz	r3, 1000194c <on_uart_rx+0x14>
1000193e:	2100      	movs	r1, #0
10001940:	4a04      	ldr	r2, [pc, #16]	@ (10001954 <on_uart_rx+0x1c>)
10001942:	4805      	ldr	r0, [pc, #20]	@ (10001958 <on_uart_rx+0x20>)
10001944:	6812      	ldr	r2, [r2, #0]
10001946:	6800      	ldr	r0, [r0, #0]
10001948:	6391      	str	r1, [r2, #56]	@ 0x38
1000194a:	4718      	bx	r3
1000194c:	4770      	bx	lr
1000194e:	bf00      	nop
10001950:	200008ac 	.word	0x200008ac
10001954:	2000091c 	.word	0x2000091c
10001958:	200008b0 	.word	0x200008b0

1000195c <stdio_uart_out_flush>:
1000195c:	4b02      	ldr	r3, [pc, #8]	@ (10001968 <stdio_uart_out_flush+0xc>)
1000195e:	681a      	ldr	r2, [r3, #0]
10001960:	6993      	ldr	r3, [r2, #24]
10001962:	071b      	lsls	r3, r3, #28
10001964:	d4fc      	bmi.n	10001960 <stdio_uart_out_flush+0x4>
10001966:	4770      	bx	lr
10001968:	2000091c 	.word	0x2000091c

1000196c <stdio_uart_set_chars_available_callback>:
1000196c:	b570      	push	{r4, r5, r6, lr}
1000196e:	4e1b      	ldr	r6, [pc, #108]	@ (100019dc <stdio_uart_set_chars_available_callback+0x70>)
10001970:	4d1b      	ldr	r5, [pc, #108]	@ (100019e0 <stdio_uart_set_chars_available_callback+0x74>)
10001972:	6832      	ldr	r2, [r6, #0]
10001974:	4604      	mov	r4, r0
10001976:	42aa      	cmp	r2, r5
10001978:	bf0c      	ite	eq
1000197a:	2522      	moveq	r5, #34	@ 0x22
1000197c:	2521      	movne	r5, #33	@ 0x21
1000197e:	b120      	cbz	r0, 1000198a <stdio_uart_set_chars_available_callback+0x1e>
10001980:	4a18      	ldr	r2, [pc, #96]	@ (100019e4 <stdio_uart_set_chars_available_callback+0x78>)
10001982:	460b      	mov	r3, r1
10001984:	6811      	ldr	r1, [r2, #0]
10001986:	b189      	cbz	r1, 100019ac <stdio_uart_set_chars_available_callback+0x40>
10001988:	bd70      	pop	{r4, r5, r6, pc}
1000198a:	4e16      	ldr	r6, [pc, #88]	@ (100019e4 <stdio_uart_set_chars_available_callback+0x78>)
1000198c:	6833      	ldr	r3, [r6, #0]
1000198e:	2b00      	cmp	r3, #0
10001990:	d0fa      	beq.n	10001988 <stdio_uart_set_chars_available_callback+0x1c>
10001992:	4601      	mov	r1, r0
10001994:	6390      	str	r0, [r2, #56]	@ 0x38
10001996:	4628      	mov	r0, r5
10001998:	f7fe fdf6 	bl	10000588 <irq_set_enabled>
1000199c:	4628      	mov	r0, r5
1000199e:	4912      	ldr	r1, [pc, #72]	@ (100019e8 <stdio_uart_set_chars_available_callback+0x7c>)
100019a0:	f7fe fe38 	bl	10000614 <irq_remove_handler>
100019a4:	4b11      	ldr	r3, [pc, #68]	@ (100019ec <stdio_uart_set_chars_available_callback+0x80>)
100019a6:	6034      	str	r4, [r6, #0]
100019a8:	601c      	str	r4, [r3, #0]
100019aa:	bd70      	pop	{r4, r5, r6, pc}
100019ac:	6010      	str	r0, [r2, #0]
100019ae:	4a0f      	ldr	r2, [pc, #60]	@ (100019ec <stdio_uart_set_chars_available_callback+0x80>)
100019b0:	4628      	mov	r0, r5
100019b2:	490d      	ldr	r1, [pc, #52]	@ (100019e8 <stdio_uart_set_chars_available_callback+0x7c>)
100019b4:	6013      	str	r3, [r2, #0]
100019b6:	f7fe fdfd 	bl	100005b4 <irq_set_exclusive_handler>
100019ba:	2101      	movs	r1, #1
100019bc:	4628      	mov	r0, r5
100019be:	f7fe fde3 	bl	10000588 <irq_set_enabled>
100019c2:	6832      	ldr	r2, [r6, #0]
100019c4:	2150      	movs	r1, #80	@ 0x50
100019c6:	4613      	mov	r3, r2
100019c8:	6391      	str	r1, [r2, #56]	@ 0x38
100019ca:	f853 2f34 	ldr.w	r2, [r3, #52]!
100019ce:	f002 0238 	and.w	r2, r2, #56	@ 0x38
100019d2:	f503 5380 	add.w	r3, r3, #4096	@ 0x1000
100019d6:	601a      	str	r2, [r3, #0]
100019d8:	bd70      	pop	{r4, r5, r6, pc}
100019da:	bf00      	nop
100019dc:	2000091c 	.word	0x2000091c
100019e0:	40078000 	.word	0x40078000
100019e4:	200008ac 	.word	0x200008ac
100019e8:	10001939 	.word	0x10001939
100019ec:	200008b0 	.word	0x200008b0

100019f0 <stdio_uart_init>:
100019f0:	b510      	push	{r4, lr}
100019f2:	490e      	ldr	r1, [pc, #56]	@ (10001a2c <stdio_uart_init+0x3c>)
100019f4:	4c0e      	ldr	r4, [pc, #56]	@ (10001a30 <stdio_uart_init+0x40>)
100019f6:	480f      	ldr	r0, [pc, #60]	@ (10001a34 <stdio_uart_init+0x44>)
100019f8:	4a0f      	ldr	r2, [pc, #60]	@ (10001a38 <stdio_uart_init+0x48>)
100019fa:	4b10      	ldr	r3, [pc, #64]	@ (10001a3c <stdio_uart_init+0x4c>)
100019fc:	7800      	ldrb	r0, [r0, #0]
100019fe:	6021      	str	r1, [r4, #0]
10001a00:	2000      	movs	r0, #0
10001a02:	2102      	movs	r1, #2
10001a04:	7812      	ldrb	r2, [r2, #0]
10001a06:	781b      	ldrb	r3, [r3, #0]
10001a08:	f7fe fce4 	bl	100003d4 <gpio_set_function>
10001a0c:	2102      	movs	r1, #2
10001a0e:	2001      	movs	r0, #1
10001a10:	f7fe fce0 	bl	100003d4 <gpio_set_function>
10001a14:	f44f 31e1 	mov.w	r1, #115200	@ 0x1c200
10001a18:	6820      	ldr	r0, [r4, #0]
10001a1a:	f7ff fafd 	bl	10001018 <uart_init>
10001a1e:	e8bd 4010 	ldmia.w	sp!, {r4, lr}
10001a22:	2101      	movs	r1, #1
10001a24:	4806      	ldr	r0, [pc, #24]	@ (10001a40 <stdio_uart_init+0x50>)
10001a26:	f7ff be9d 	b.w	10001764 <stdio_set_driver_enabled>
10001a2a:	bf00      	nop
10001a2c:	40070000 	.word	0x40070000
10001a30:	2000091c 	.word	0x2000091c
10001a34:	10002f78 	.word	0x10002f78
10001a38:	10002f74 	.word	0x10002f74
10001a3c:	10002f70 	.word	0x10002f70
10001a40:	200005b4 	.word	0x200005b4

10001a44 <pio_sm_setup>:
10001a44:	e92d 4ff0 	stmdb	sp!, {r4, r5, r6, r7, r8, r9, sl, fp, lr}
10001a48:	f44f 677f 	mov.w	r7, #4080	@ 0xff0
10001a4c:	f04f 36ff 	mov.w	r6, #4294967295	@ 0xffffffff
10001a50:	25ff      	movs	r5, #255	@ 0xff
10001a52:	2402      	movs	r4, #2
10001a54:	2200      	movs	r2, #0
10001a56:	6843      	ldr	r3, [r0, #4]
10001a58:	496f      	ldr	r1, [pc, #444]	@ (10001c18 <pio_sm_setup+0x1d4>)
10001a5a:	601f      	str	r7, [r3, #0]
10001a5c:	609e      	str	r6, [r3, #8]
10001a5e:	631d      	str	r5, [r3, #48]	@ 0x30
10001a60:	635c      	str	r4, [r3, #52]	@ 0x34
10001a62:	f102 0412 	add.w	r4, r2, #18
10001a66:	f831 5f02 	ldrh.w	r5, [r1, #2]!
10001a6a:	3201      	adds	r2, #1
10001a6c:	2a20      	cmp	r2, #32
10001a6e:	f843 5024 	str.w	r5, [r3, r4, lsl #2]
10001a72:	d1f6      	bne.n	10001a62 <pio_sm_setup+0x1e>
10001a74:	6882      	ldr	r2, [r0, #8]
10001a76:	2a1f      	cmp	r2, #31
10001a78:	f300 8083 	bgt.w	10001b82 <pio_sm_setup+0x13e>
10001a7c:	68c1      	ldr	r1, [r0, #12]
10001a7e:	2600      	movs	r6, #0
10001a80:	291f      	cmp	r1, #31
10001a82:	bfcc      	ite	gt
10001a84:	2401      	movgt	r4, #1
10001a86:	2400      	movle	r4, #0
10001a88:	f24e 0b80 	movw	fp, #57472	@ 0xe080
10001a8c:	f04f 0a69 	mov.w	sl, #105	@ 0x69
10001a90:	f248 09a0 	movw	r9, #32928	@ 0x80a0
10001a94:	f04f 0806 	mov.w	r8, #6
10001a98:	f24e 6e80 	movw	lr, #59008	@ 0xe680
10001a9c:	ea4f 1004 	mov.w	r0, r4, lsl #4
10001aa0:	eba2 1404 	sub.w	r4, r2, r4, lsl #4
10001aa4:	f004 051f 	and.w	r5, r4, #31
10001aa8:	ea4f 6705 	mov.w	r7, r5, lsl #24
10001aac:	ea4f 1545 	mov.w	r5, r5, lsl #5
10001ab0:	f045 6580 	orr.w	r5, r5, #67108864	@ 0x4000000
10001ab4:	f447 4742 	orr.w	r7, r7, #49664	@ 0xc200
10001ab8:	f8c3 70cc 	str.w	r7, [r3, #204]	@ 0xcc
10001abc:	ea4f 34c4 	mov.w	r4, r4, lsl #15
10001ac0:	f8c3 50dc 	str.w	r5, [r3, #220]	@ 0xdc
10001ac4:	4d55      	ldr	r5, [pc, #340]	@ (10001c1c <pio_sm_setup+0x1d8>)
10001ac6:	f404 2478 	and.w	r4, r4, #1015808	@ 0xf8000
10001aca:	f8c3 b0d8 	str.w	fp, [r3, #216]	@ 0xd8
10001ace:	f8c3 60dc 	str.w	r6, [r3, #220]	@ 0xdc
10001ad2:	f8c3 a010 	str.w	sl, [r3, #16]
10001ad6:	f8c3 90d8 	str.w	r9, [r3, #216]	@ 0xd8
10001ada:	f8c3 80d8 	str.w	r8, [r3, #216]	@ 0xd8
10001ade:	f8c3 e0e4 	str.w	lr, [r3, #228]	@ 0xe4
10001ae2:	f8c3 40f4 	str.w	r4, [r3, #244]	@ 0xf4
10001ae6:	f8c3 60e8 	str.w	r6, [r3, #232]	@ 0xe8
10001aea:	f8c3 50e8 	str.w	r5, [r3, #232]	@ 0xe8
10001aee:	f04f 050d 	mov.w	r5, #13
10001af2:	f8c3 50f0 	str.w	r5, [r3, #240]	@ 0xf0
10001af6:	4d4a      	ldr	r5, [pc, #296]	@ (10001c20 <pio_sm_setup+0x1dc>)
10001af8:	f04f 0c12 	mov.w	ip, #18
10001afc:	f8c3 50fc 	str.w	r5, [r3, #252]	@ 0xfc
10001b00:	f8c3 410c 	str.w	r4, [r3, #268]	@ 0x10c
10001b04:	f24e 0440 	movw	r4, #57408	@ 0xe040
10001b08:	f8c3 6100 	str.w	r6, [r3, #256]	@ 0x100
10001b0c:	f8c3 4108 	str.w	r4, [r3, #264]	@ 0x108
10001b10:	f24a 04e2 	movw	r4, #41186	@ 0xa0e2
10001b14:	f8c3 4108 	str.w	r4, [r3, #264]	@ 0x108
10001b18:	f24a 042a 	movw	r4, #41002	@ 0xa02a
10001b1c:	f8c3 4108 	str.w	r4, [r3, #264]	@ 0x108
10001b20:	f8c3 c108 	str.w	ip, [r3, #264]	@ 0x108
10001b24:	dc0d      	bgt.n	10001b42 <pio_sm_setup+0xfe>
10001b26:	0612      	lsls	r2, r2, #24
10001b28:	4c3e      	ldr	r4, [pc, #248]	@ (10001c24 <pio_sm_setup+0x1e0>)
10001b2a:	f002 52f8 	and.w	r2, r2, #520093696	@ 0x1f000000
10001b2e:	f442 32c6 	orr.w	r2, r2, #101376	@ 0x18c00
10001b32:	2900      	cmp	r1, #0
10001b34:	f8c3 2114 	str.w	r2, [r3, #276]	@ 0x114
10001b38:	f8c3 4118 	str.w	r4, [r3, #280]	@ 0x118
10001b3c:	da0c      	bge.n	10001b58 <pio_sm_setup+0x114>
10001b3e:	2200      	movs	r2, #0
10001b40:	e011      	b.n	10001b66 <pio_sm_setup+0x122>
10001b42:	3a10      	subs	r2, #16
10001b44:	0612      	lsls	r2, r2, #24
10001b46:	4c37      	ldr	r4, [pc, #220]	@ (10001c24 <pio_sm_setup+0x1e0>)
10001b48:	f002 52f8 	and.w	r2, r2, #520093696	@ 0x1f000000
10001b4c:	f442 32c6 	orr.w	r2, r2, #101376	@ 0x18c00
10001b50:	f8c3 2114 	str.w	r2, [r3, #276]	@ 0x114
10001b54:	f8c3 4118 	str.w	r4, [r3, #280]	@ 0x118
10001b58:	1a0a      	subs	r2, r1, r0
10001b5a:	f002 021f 	and.w	r2, r2, #31
10001b5e:	eb02 1242 	add.w	r2, r2, r2, lsl #5
10001b62:	f042 6282 	orr.w	r2, r2, #68157440	@ 0x4100000
10001b66:	f24e 0401 	movw	r4, #57345	@ 0xe001
10001b6a:	f24e 0081 	movw	r0, #57473	@ 0xe081
10001b6e:	2107      	movs	r1, #7
10001b70:	f8c3 2124 	str.w	r2, [r3, #292]	@ 0x124
10001b74:	f8c3 4120 	str.w	r4, [r3, #288]	@ 0x120
10001b78:	f8c3 0120 	str.w	r0, [r3, #288]	@ 0x120
10001b7c:	6019      	str	r1, [r3, #0]
10001b7e:	e8bd 8ff0 	ldmia.w	sp!, {r4, r5, r6, r7, r8, r9, sl, fp, pc}
10001b82:	3a10      	subs	r2, #16
10001b84:	f002 011f 	and.w	r1, r2, #31
10001b88:	060d      	lsls	r5, r1, #24
10001b8a:	0149      	lsls	r1, r1, #5
10001b8c:	f041 6480 	orr.w	r4, r1, #67108864	@ 0x4000000
10001b90:	f445 4542 	orr.w	r5, r5, #49664	@ 0xc200
10001b94:	68c1      	ldr	r1, [r0, #12]
10001b96:	f8c3 50cc 	str.w	r5, [r3, #204]	@ 0xcc
10001b9a:	f24e 0b80 	movw	fp, #57472	@ 0xe080
10001b9e:	f8c3 40dc 	str.w	r4, [r3, #220]	@ 0xdc
10001ba2:	f04f 0a69 	mov.w	sl, #105	@ 0x69
10001ba6:	2400      	movs	r4, #0
10001ba8:	f248 09a0 	movw	r9, #32928	@ 0x80a0
10001bac:	f04f 0806 	mov.w	r8, #6
10001bb0:	f24e 6e80 	movw	lr, #59008	@ 0xe680
10001bb4:	270d      	movs	r7, #13
10001bb6:	4e1a      	ldr	r6, [pc, #104]	@ (10001c20 <pio_sm_setup+0x1dc>)
10001bb8:	4d18      	ldr	r5, [pc, #96]	@ (10001c1c <pio_sm_setup+0x1d8>)
10001bba:	03d0      	lsls	r0, r2, #15
10001bbc:	f400 2078 	and.w	r0, r0, #1015808	@ 0xf8000
10001bc0:	f8c3 b0d8 	str.w	fp, [r3, #216]	@ 0xd8
10001bc4:	f8c3 40dc 	str.w	r4, [r3, #220]	@ 0xdc
10001bc8:	f8c3 a010 	str.w	sl, [r3, #16]
10001bcc:	f8c3 90d8 	str.w	r9, [r3, #216]	@ 0xd8
10001bd0:	f8c3 80d8 	str.w	r8, [r3, #216]	@ 0xd8
10001bd4:	f8c3 e0e4 	str.w	lr, [r3, #228]	@ 0xe4
10001bd8:	f8c3 00f4 	str.w	r0, [r3, #244]	@ 0xf4
10001bdc:	f8c3 40e8 	str.w	r4, [r3, #232]	@ 0xe8
10001be0:	f8c3 50e8 	str.w	r5, [r3, #232]	@ 0xe8
10001be4:	f8c3 70f0 	str.w	r7, [r3, #240]	@ 0xf0
10001be8:	f8c3 60fc 	str.w	r6, [r3, #252]	@ 0xfc
10001bec:	f8c3 010c 	str.w	r0, [r3, #268]	@ 0x10c
10001bf0:	f24e 0040 	movw	r0, #57408	@ 0xe040
10001bf4:	f8c3 4100 	str.w	r4, [r3, #256]	@ 0x100
10001bf8:	f8c3 0108 	str.w	r0, [r3, #264]	@ 0x108
10001bfc:	f24a 00e2 	movw	r0, #41186	@ 0xa0e2
10001c00:	f04f 0c12 	mov.w	ip, #18
10001c04:	f8c3 0108 	str.w	r0, [r3, #264]	@ 0x108
10001c08:	f24a 002a 	movw	r0, #41002	@ 0xa02a
10001c0c:	f8c3 0108 	str.w	r0, [r3, #264]	@ 0x108
10001c10:	2010      	movs	r0, #16
10001c12:	f8c3 c108 	str.w	ip, [r3, #264]	@ 0x108
10001c16:	e786      	b.n	10001b26 <pio_sm_setup+0xe2>
10001c18:	10002f0a 	.word	0x10002f0a
10001c1c:	80a10000 	.word	0x80a10000
10001c20:	00018680 	.word	0x00018680
10001c24:	40020000 	.word	0x40020000

10001c28 <data_state_go_discard>:
10001c28:	b530      	push	{r4, r5, lr}
10001c2a:	6843      	ldr	r3, [r0, #4]
10001c2c:	4604      	mov	r4, r0
10001c2e:	689a      	ldr	r2, [r3, #8]
10001c30:	b085      	sub	sp, #20
10001c32:	0792      	lsls	r2, r2, #30
10001c34:	d412      	bmi.n	10001c5c <data_state_go_discard+0x34>
10001c36:	2509      	movs	r5, #9
10001c38:	2200      	movs	r2, #0
10001c3a:	2020      	movs	r0, #32
10001c3c:	6da1      	ldr	r1, [r4, #88]	@ 0x58
10001c3e:	63a5      	str	r5, [r4, #56]	@ 0x38
10001c40:	62e2      	str	r2, [r4, #44]	@ 0x2c
10001c42:	6320      	str	r0, [r4, #48]	@ 0x30
10001c44:	b109      	cbz	r1, 10001c4a <data_state_go_discard+0x22>
10001c46:	65a2      	str	r2, [r4, #88]	@ 0x58
10001c48:	619a      	str	r2, [r3, #24]
10001c4a:	f24a 1127 	movw	r1, #41255	@ 0xa127
10001c4e:	f240 3202 	movw	r2, #770	@ 0x302
10001c52:	6519      	str	r1, [r3, #80]	@ 0x50
10001c54:	f8c3 2170 	str.w	r2, [r3, #368]	@ 0x170
10001c58:	b005      	add	sp, #20
10001c5a:	bd30      	pop	{r4, r5, pc}
10001c5c:	2500      	movs	r5, #0
10001c5e:	6245      	str	r5, [r0, #36]	@ 0x24
10001c60:	6285      	str	r5, [r0, #40]	@ 0x28
10001c62:	6345      	str	r5, [r0, #52]	@ 0x34
10001c64:	f7ff feee 	bl	10001a44 <pio_sm_setup>
10001c68:	6923      	ldr	r3, [r4, #16]
10001c6a:	466a      	mov	r2, sp
10001c6c:	f44f 0100 	mov.w	r1, #8388608	@ 0x800000
10001c70:	4620      	mov	r0, r4
10001c72:	e9cd 5501 	strd	r5, r5, [sp, #4]
10001c76:	9500      	str	r5, [sp, #0]
10001c78:	9503      	str	r5, [sp, #12]
10001c7a:	4798      	blx	r3
10001c7c:	6863      	ldr	r3, [r4, #4]
10001c7e:	e7da      	b.n	10001c36 <data_state_go_discard+0xe>

10001c80 <tx_schedule_transmit>:
10001c80:	6dc3      	ldr	r3, [r0, #92]	@ 0x5c
10001c82:	2b01      	cmp	r3, #1
10001c84:	d056      	beq.n	10001d34 <tx_schedule_transmit+0xb4>
10001c86:	e92d 41f0 	stmdb	sp!, {r4, r5, r6, r7, r8, lr}
10001c8a:	6e03      	ldr	r3, [r0, #96]	@ 0x60
10001c8c:	6e42      	ldr	r2, [r0, #100]	@ 0x64
10001c8e:	4293      	cmp	r3, r2
10001c90:	d10e      	bne.n	10001cb0 <tx_schedule_transmit+0x30>
10001c92:	2400      	movs	r4, #0
10001c94:	2202      	movs	r2, #2
10001c96:	6841      	ldr	r1, [r0, #4]
10001c98:	65c4      	str	r4, [r0, #92]	@ 0x5c
10001c9a:	630a      	str	r2, [r1, #48]	@ 0x30
10001c9c:	f3bf 8f5f 	dmb	sy
10001ca0:	6e41      	ldr	r1, [r0, #100]	@ 0x64
10001ca2:	428b      	cmp	r3, r1
10001ca4:	bf08      	it	eq
10001ca6:	f44f 7000 	moveq.w	r0, #512	@ 0x200
10001caa:	d15a      	bne.n	10001d62 <tx_schedule_transmit+0xe2>
10001cac:	e8bd 81f0 	ldmia.w	sp!, {r4, r5, r6, r7, r8, pc}
10001cb0:	6841      	ldr	r1, [r0, #4]
10001cb2:	f04f 082c 	mov.w	r8, #44	@ 0x2c
10001cb6:	2501      	movs	r5, #1
10001cb8:	f04f 0e07 	mov.w	lr, #7
10001cbc:	f04f 0c87 	mov.w	ip, #135	@ 0x87
10001cc0:	270c      	movs	r7, #12
10001cc2:	2600      	movs	r6, #0
10001cc4:	f246 0421 	movw	r4, #24609	@ 0x6021
10001cc8:	f003 0303 	and.w	r3, r3, #3
10001ccc:	fb08 f303 	mul.w	r3, r8, r3
10001cd0:	69c2      	ldr	r2, [r0, #28]
10001cd2:	65c5      	str	r5, [r0, #92]	@ 0x5c
10001cd4:	442a      	add	r2, r5
10001cd6:	61c2      	str	r2, [r0, #28]
10001cd8:	18c2      	adds	r2, r0, r3
10001cda:	6fd2      	ldr	r2, [r2, #124]	@ 0x7c
10001cdc:	4d22      	ldr	r5, [pc, #136]	@ (10001d68 <tx_schedule_transmit+0xe8>)
10001cde:	3380      	adds	r3, #128	@ 0x80
10001ce0:	f8c1 e000 	str.w	lr, [r1]
10001ce4:	4418      	add	r0, r3
10001ce6:	f8c1 c000 	str.w	ip, [r1]
10001cea:	630f      	str	r7, [r1, #48]	@ 0x30
10001cec:	f8c1 6118 	str.w	r6, [r1, #280]	@ 0x118
10001cf0:	f8c1 5118 	str.w	r5, [r1, #280]	@ 0x118
10001cf4:	f8c1 40ac 	str.w	r4, [r1, #172]	@ 0xac
10001cf8:	b142      	cbz	r2, 10001d0c <tx_schedule_transmit+0x8c>
10001cfa:	eb00 0282 	add.w	r2, r0, r2, lsl #2
10001cfe:	3a04      	subs	r2, #4
10001d00:	3804      	subs	r0, #4
10001d02:	f850 3f04 	ldr.w	r3, [r0, #4]!
10001d06:	4290      	cmp	r0, r2
10001d08:	61cb      	str	r3, [r1, #28]
10001d0a:	d1fa      	bne.n	10001d02 <tx_schedule_transmit+0x82>
10001d0c:	f24e 0501 	movw	r5, #57345	@ 0xe001
10001d10:	f246 0421 	movw	r4, #24609	@ 0x6021
10001d14:	201b      	movs	r0, #27
10001d16:	f44f 5203 	mov.w	r2, #8384	@ 0x20c0
10001d1a:	230f      	movs	r3, #15
10001d1c:	f8c1 5120 	str.w	r5, [r1, #288]	@ 0x120
10001d20:	f8c1 4120 	str.w	r4, [r1, #288]	@ 0x120
10001d24:	f8c1 0120 	str.w	r0, [r1, #288]	@ 0x120
10001d28:	f8c1 2120 	str.w	r2, [r1, #288]	@ 0x120
10001d2c:	2000      	movs	r0, #0
10001d2e:	600b      	str	r3, [r1, #0]
10001d30:	e8bd 81f0 	ldmia.w	sp!, {r4, r5, r6, r7, r8, pc}
10001d34:	6843      	ldr	r3, [r0, #4]
10001d36:	f8d3 211c 	ldr.w	r2, [r3, #284]	@ 0x11c
10001d3a:	2a18      	cmp	r2, #24
10001d3c:	d00c      	beq.n	10001d58 <tx_schedule_transmit+0xd8>
10001d3e:	68da      	ldr	r2, [r3, #12]
10001d40:	f012 6f70 	tst.w	r2, #251658240	@ 0xf000000
10001d44:	d106      	bne.n	10001d54 <tx_schedule_transmit+0xd4>
10001d46:	f8d3 316c 	ldr.w	r3, [r3, #364]	@ 0x16c
10001d4a:	f403 7381 	and.w	r3, r3, #258	@ 0x102
10001d4e:	f5b3 7f80 	cmp.w	r3, #256	@ 0x100
10001d52:	d098      	beq.n	10001c86 <tx_schedule_transmit+0x6>
10001d54:	2000      	movs	r0, #0
10001d56:	4770      	bx	lr
10001d58:	f8d3 316c 	ldr.w	r3, [r3, #364]	@ 0x16c
10001d5c:	079b      	lsls	r3, r3, #30
10001d5e:	d592      	bpl.n	10001c86 <tx_schedule_transmit+0x6>
10001d60:	e7f8      	b.n	10001d54 <tx_schedule_transmit+0xd4>
10001d62:	6841      	ldr	r1, [r0, #4]
10001d64:	634a      	str	r2, [r1, #52]	@ 0x34
10001d66:	e7a4      	b.n	10001cb2 <tx_schedule_transmit+0x32>
10001d68:	40020000 	.word	0x40020000

10001d6c <data_state_go_crc>:
10001d6c:	e92d 47f0 	stmdb	sp!, {r4, r5, r6, r7, r8, r9, sl, lr}
10001d70:	4604      	mov	r4, r0
10001d72:	6bc0      	ldr	r0, [r0, #60]	@ 0x3c
10001d74:	e9d4 1509 	ldrd	r1, r5, [r4, #36]	@ 0x24
10001d78:	f3c0 000e 	ubfx	r0, r0, #0, #15
10001d7c:	40e9      	lsrs	r1, r5
10001d7e:	ea40 31c1 	orr.w	r1, r0, r1, lsl #15
10001d82:	ea81 0351 	eor.w	r3, r1, r1, lsr #1
10001d86:	ea43 0353 	orr.w	r3, r3, r3, lsr #1
10001d8a:	ea43 0393 	orr.w	r3, r3, r3, lsr #2
10001d8e:	43db      	mvns	r3, r3
10001d90:	b29b      	uxth	r3, r3
10001d92:	f04f 0c10 	mov.w	ip, #16
10001d96:	6b66      	ldr	r6, [r4, #52]	@ 0x34
10001d98:	b084      	sub	sp, #16
10001d9a:	63e0      	str	r0, [r4, #60]	@ 0x3c
10001d9c:	b343      	cbz	r3, 10001df0 <data_state_go_crc+0x84>
10001d9e:	f04f 0e01 	mov.w	lr, #1
10001da2:	f04f 4700 	mov.w	r7, #2147483648	@ 0x80000000
10001da6:	e001      	b.n	10001dac <data_state_go_crc+0x40>
10001da8:	4393      	bics	r3, r2
10001daa:	d021      	beq.n	10001df0 <data_state_go_crc+0x84>
10001dac:	fab3 f383 	clz	r3, r3
10001db0:	f1c3 0820 	rsb	r8, r3, #32
10001db4:	fa0e f208 	lsl.w	r2, lr, r8
10001db8:	3a01      	subs	r2, #1
10001dba:	ea01 0902 	and.w	r9, r1, r2
10001dbe:	f1c3 0a1c 	rsb	sl, r3, #28
10001dc2:	fa27 f303 	lsr.w	r3, r7, r3
10001dc6:	ea21 0252 	bic.w	r2, r1, r2, lsr #1
10001dca:	ea89 0903 	eor.w	r9, r9, r3
10001dce:	ea89 0142 	eor.w	r1, r9, r2, lsl #1
10001dd2:	ea81 0251 	eor.w	r2, r1, r1, lsr #1
10001dd6:	fa0e fa0a 	lsl.w	sl, lr, sl
10001dda:	ea42 0252 	orr.w	r2, r2, r2, lsr #1
10001dde:	f1b8 0f04 	cmp.w	r8, #4
10001de2:	f10c 0c01 	add.w	ip, ip, #1
10001de6:	f10a 33ff 	add.w	r3, sl, #4294967295	@ 0xffffffff
10001dea:	ea42 0292 	orr.w	r2, r2, r2, lsr #2
10001dee:	dcdb      	bgt.n	10001da8 <data_state_go_crc+0x3c>
10001df0:	6de3      	ldr	r3, [r4, #92]	@ 0x5c
10001df2:	3e01      	subs	r6, #1
10001df4:	1b76      	subs	r6, r6, r5
10001df6:	0049      	lsls	r1, r1, #1
10001df8:	f041 0101 	orr.w	r1, r1, #1
10001dfc:	4466      	add	r6, ip
10001dfe:	2b01      	cmp	r3, #1
10001e00:	e9c4 1610 	strd	r1, r6, [r4, #64]	@ 0x40
10001e04:	d109      	bne.n	10001e1a <data_state_go_crc+0xae>
10001e06:	222c      	movs	r2, #44	@ 0x2c
10001e08:	6e23      	ldr	r3, [r4, #96]	@ 0x60
10001e0a:	f003 0303 	and.w	r3, r3, #3
10001e0e:	fb02 4303 	mla	r3, r2, r3, r4
10001e12:	6ca2      	ldr	r2, [r4, #72]	@ 0x48
10001e14:	6e9d      	ldr	r5, [r3, #104]	@ 0x68
10001e16:	4295      	cmp	r5, r2
10001e18:	d011      	beq.n	10001e3e <data_state_go_crc+0xd2>
10001e1a:	2001      	movs	r0, #1
10001e1c:	2102      	movs	r1, #2
10001e1e:	f240 3202 	movw	r2, #770	@ 0x302
10001e22:	6863      	ldr	r3, [r4, #4]
10001e24:	65a0      	str	r0, [r4, #88]	@ 0x58
10001e26:	6359      	str	r1, [r3, #52]	@ 0x34
10001e28:	f8c3 2170 	str.w	r2, [r3, #368]	@ 0x170
10001e2c:	2105      	movs	r1, #5
10001e2e:	2200      	movs	r2, #0
10001e30:	2310      	movs	r3, #16
10001e32:	63a1      	str	r1, [r4, #56]	@ 0x38
10001e34:	62e2      	str	r2, [r4, #44]	@ 0x2c
10001e36:	6323      	str	r3, [r4, #48]	@ 0x30
10001e38:	b004      	add	sp, #16
10001e3a:	e8bd 87f0 	ldmia.w	sp!, {r4, r5, r6, r7, r8, r9, sl, pc}
10001e3e:	6f9a      	ldr	r2, [r3, #120]	@ 0x78
10001e40:	4290      	cmp	r0, r2
10001e42:	d103      	bne.n	10001e4c <data_state_go_crc+0xe0>
10001e44:	6ed8      	ldr	r0, [r3, #108]	@ 0x6c
10001e46:	6ce2      	ldr	r2, [r4, #76]	@ 0x4c
10001e48:	4290      	cmp	r0, r2
10001e4a:	d02d      	beq.n	10001ea8 <data_state_go_crc+0x13c>
10001e4c:	6863      	ldr	r3, [r4, #4]
10001e4e:	6a22      	ldr	r2, [r4, #32]
10001e50:	6899      	ldr	r1, [r3, #8]
10001e52:	3201      	adds	r2, #1
10001e54:	6222      	str	r2, [r4, #32]
10001e56:	078a      	lsls	r2, r1, #30
10001e58:	d413      	bmi.n	10001e82 <data_state_go_crc+0x116>
10001e5a:	2509      	movs	r5, #9
10001e5c:	2200      	movs	r2, #0
10001e5e:	2020      	movs	r0, #32
10001e60:	6da1      	ldr	r1, [r4, #88]	@ 0x58
10001e62:	63a5      	str	r5, [r4, #56]	@ 0x38
10001e64:	62e2      	str	r2, [r4, #44]	@ 0x2c
10001e66:	6320      	str	r0, [r4, #48]	@ 0x30
10001e68:	b109      	cbz	r1, 10001e6e <data_state_go_crc+0x102>
10001e6a:	65a2      	str	r2, [r4, #88]	@ 0x58
10001e6c:	619a      	str	r2, [r3, #24]
10001e6e:	f24a 1127 	movw	r1, #41255	@ 0xa127
10001e72:	f240 3202 	movw	r2, #770	@ 0x302
10001e76:	6519      	str	r1, [r3, #80]	@ 0x50
10001e78:	f8c3 2170 	str.w	r2, [r3, #368]	@ 0x170
10001e7c:	b004      	add	sp, #16
10001e7e:	e8bd 87f0 	ldmia.w	sp!, {r4, r5, r6, r7, r8, r9, sl, pc}
10001e82:	2500      	movs	r5, #0
10001e84:	4620      	mov	r0, r4
10001e86:	6265      	str	r5, [r4, #36]	@ 0x24
10001e88:	62a5      	str	r5, [r4, #40]	@ 0x28
10001e8a:	6365      	str	r5, [r4, #52]	@ 0x34
10001e8c:	f7ff fdda 	bl	10001a44 <pio_sm_setup>
10001e90:	6923      	ldr	r3, [r4, #16]
10001e92:	466a      	mov	r2, sp
10001e94:	f44f 0100 	mov.w	r1, #8388608	@ 0x800000
10001e98:	4620      	mov	r0, r4
10001e9a:	e9cd 5501 	strd	r5, r5, [sp, #4]
10001e9e:	9500      	str	r5, [sp, #0]
10001ea0:	9503      	str	r5, [sp, #12]
10001ea2:	4798      	blx	r3
10001ea4:	6863      	ldr	r3, [r4, #4]
10001ea6:	e7d8      	b.n	10001e5a <data_state_go_crc+0xee>
10001ea8:	6f18      	ldr	r0, [r3, #112]	@ 0x70
10001eaa:	6d22      	ldr	r2, [r4, #80]	@ 0x50
10001eac:	4290      	cmp	r0, r2
10001eae:	d1cd      	bne.n	10001e4c <data_state_go_crc+0xe0>
10001eb0:	6f5a      	ldr	r2, [r3, #116]	@ 0x74
10001eb2:	6d63      	ldr	r3, [r4, #84]	@ 0x54
10001eb4:	429a      	cmp	r2, r3
10001eb6:	d1c9      	bne.n	10001e4c <data_state_go_crc+0xe0>
10001eb8:	2502      	movs	r5, #2
10001eba:	2003      	movs	r0, #3
10001ebc:	024b      	lsls	r3, r1, #9
10001ebe:	f5c6 66fe 	rsb	r6, r6, #2032	@ 0x7f0
10001ec2:	f3c3 0314 	ubfx	r3, r3, #0, #21
10001ec6:	3607      	adds	r6, #7
10001ec8:	6862      	ldr	r2, [r4, #4]
10001eca:	ea43 5346 	orr.w	r3, r3, r6, lsl #21
10001ece:	f043 03ff 	orr.w	r3, r3, #255	@ 0xff
10001ed2:	65a5      	str	r5, [r4, #88]	@ 0x58
10001ed4:	65e0      	str	r0, [r4, #92]	@ 0x5c
10001ed6:	6193      	str	r3, [r2, #24]
10001ed8:	e7a8      	b.n	10001e2c <data_state_go_crc+0xc0>
10001eda:	bf00      	nop

10001edc <can2040_pio_irq_handler>:
10001edc:	e92d 4ff0 	stmdb	sp!, {r4, r5, r6, r7, r8, r9, sl, fp, lr}
10001ee0:	4604      	mov	r4, r0
10001ee2:	6846      	ldr	r6, [r0, #4]
10001ee4:	b085      	sub	sp, #20
10001ee6:	f8d6 2178 	ldr.w	r2, [r6, #376]	@ 0x178
10001eea:	0797      	lsls	r7, r2, #30
10001eec:	f140 808a 	bpl.w	10002004 <can2040_pio_irq_handler+0x128>
10001ef0:	270a      	movs	r7, #10
10001ef2:	2501      	movs	r5, #1
10001ef4:	6a72      	ldr	r2, [r6, #36]	@ 0x24
10001ef6:	6a63      	ldr	r3, [r4, #36]	@ 0x24
10001ef8:	f3c2 0209 	ubfx	r2, r2, #0, #10
10001efc:	ea42 2283 	orr.w	r2, r2, r3, lsl #10
10001f00:	6b63      	ldr	r3, [r4, #52]	@ 0x34
10001f02:	6b21      	ldr	r1, [r4, #48]	@ 0x30
10001f04:	443b      	add	r3, r7
10001f06:	6262      	str	r2, [r4, #36]	@ 0x24
10001f08:	6363      	str	r3, [r4, #52]	@ 0x34
10001f0a:	62a7      	str	r7, [r4, #40]	@ 0x28
10001f0c:	ea82 0352 	eor.w	r3, r2, r2, lsr #1
10001f10:	ea43 0353 	orr.w	r3, r3, r3, lsr #1
10001f14:	ea43 0393 	orr.w	r3, r3, r3, lsr #2
10001f18:	43db      	mvns	r3, r3
10001f1a:	b36f      	cbz	r7, 10001f78 <can2040_pio_irq_handler+0x9c>
10001f1c:	428f      	cmp	r7, r1
10001f1e:	46b8      	mov	r8, r7
10001f20:	bf28      	it	cs
10001f22:	4688      	movcs	r8, r1
10001f24:	eba7 0c08 	sub.w	ip, r7, r8
10001f28:	fa05 fe08 	lsl.w	lr, r5, r8
10001f2c:	f10e 3eff 	add.w	lr, lr, #4294967295	@ 0xffffffff
10001f30:	f10c 0001 	add.w	r0, ip, #1
10001f34:	fa0e f000 	lsl.w	r0, lr, r0
10001f38:	4018      	ands	r0, r3
10001f3a:	d124      	bne.n	10001f86 <can2040_pio_irq_handler+0xaa>
10001f3c:	fa22 f30c 	lsr.w	r3, r2, ip
10001f40:	6ae0      	ldr	r0, [r4, #44]	@ 0x2c
10001f42:	eba1 0108 	sub.w	r1, r1, r8
10001f46:	ea03 030e 	and.w	r3, r3, lr
10001f4a:	408b      	lsls	r3, r1
10001f4c:	4303      	orrs	r3, r0
10001f4e:	6321      	str	r1, [r4, #48]	@ 0x30
10001f50:	f8c4 c028 	str.w	ip, [r4, #40]	@ 0x28
10001f54:	62e3      	str	r3, [r4, #44]	@ 0x2c
10001f56:	b979      	cbnz	r1, 10001f78 <can2040_pio_irq_handler+0x9c>
10001f58:	6ba0      	ldr	r0, [r4, #56]	@ 0x38
10001f5a:	2809      	cmp	r0, #9
10001f5c:	f200 8458 	bhi.w	10002810 <can2040_pio_irq_handler+0x934>
10001f60:	e8df f010 	tbh	[pc, r0, lsl #1]
10001f64:	01680199 	.word	0x01680199
10001f68:	00dc0119 	.word	0x00dc0119
10001f6c:	00bd01b9 	.word	0x00bd01b9
10001f70:	00a501a9 	.word	0x00a501a9
10001f74:	00730084 	.word	0x00730084
10001f78:	f8d6 2178 	ldr.w	r2, [r6, #376]	@ 0x178
10001f7c:	2a00      	cmp	r2, #0
10001f7e:	d1b4      	bne.n	10001eea <can2040_pio_irq_handler+0xe>
10001f80:	b005      	add	sp, #20
10001f82:	e8bd 8ff0 	ldmia.w	sp!, {r4, r5, r6, r7, r8, r9, sl, fp, pc}
10001f86:	fab0 f080 	clz	r0, r0
10001f8a:	f1a7 0c1f 	sub.w	ip, r7, #31
10001f8e:	4460      	add	r0, ip
10001f90:	1a3f      	subs	r7, r7, r0
10001f92:	fa05 fc00 	lsl.w	ip, r5, r0
10001f96:	1a09      	subs	r1, r1, r0
10001f98:	f10c 3cff 	add.w	ip, ip, #4294967295	@ 0xffffffff
10001f9c:	fa22 f007 	lsr.w	r0, r2, r7
10001fa0:	ea0c 0c00 	and.w	ip, ip, r0
10001fa4:	6ae0      	ldr	r0, [r4, #44]	@ 0x2c
10001fa6:	fa0c fc01 	lsl.w	ip, ip, r1
10001faa:	3f01      	subs	r7, #1
10001fac:	ea40 000c 	orr.w	r0, r0, ip
10001fb0:	62e0      	str	r0, [r4, #44]	@ 0x2c
10001fb2:	fa05 f007 	lsl.w	r0, r5, r7
10001fb6:	4203      	tst	r3, r0
10001fb8:	6321      	str	r1, [r4, #48]	@ 0x30
10001fba:	62a7      	str	r7, [r4, #40]	@ 0x28
10001fbc:	d0ad      	beq.n	10001f1a <can2040_pio_irq_handler+0x3e>
10001fbe:	ea10 0802 	ands.w	r8, r0, r2
10001fc2:	6ba3      	ldr	r3, [r4, #56]	@ 0x38
10001fc4:	f040 81e7 	bne.w	10002396 <can2040_pio_irq_handler+0x4ba>
10001fc8:	2b09      	cmp	r3, #9
10001fca:	f000 82e9 	beq.w	100025a0 <can2040_pio_irq_handler+0x6c4>
10001fce:	6a23      	ldr	r3, [r4, #32]
10001fd0:	6861      	ldr	r1, [r4, #4]
10001fd2:	3301      	adds	r3, #1
10001fd4:	6223      	str	r3, [r4, #32]
10001fd6:	688b      	ldr	r3, [r1, #8]
10001fd8:	079b      	lsls	r3, r3, #30
10001fda:	f100 82e6 	bmi.w	100025aa <can2040_pio_irq_handler+0x6ce>
10001fde:	2309      	movs	r3, #9
10001fe0:	63a3      	str	r3, [r4, #56]	@ 0x38
10001fe2:	2320      	movs	r3, #32
10001fe4:	2000      	movs	r0, #0
10001fe6:	6323      	str	r3, [r4, #48]	@ 0x30
10001fe8:	6da3      	ldr	r3, [r4, #88]	@ 0x58
10001fea:	62e0      	str	r0, [r4, #44]	@ 0x2c
10001fec:	b10b      	cbz	r3, 10001ff2 <can2040_pio_irq_handler+0x116>
10001fee:	65a0      	str	r0, [r4, #88]	@ 0x58
10001ff0:	6188      	str	r0, [r1, #24]
10001ff2:	f24a 1327 	movw	r3, #41255	@ 0xa127
10001ff6:	650b      	str	r3, [r1, #80]	@ 0x50
10001ff8:	f240 3302 	movw	r3, #770	@ 0x302
10001ffc:	f8c1 3170 	str.w	r3, [r1, #368]	@ 0x170
10002000:	2120      	movs	r1, #32
10002002:	e783      	b.n	10001f0c <can2040_pio_irq_handler+0x30>
10002004:	0515      	lsls	r5, r2, #20
10002006:	f100 81a2 	bmi.w	1000234e <can2040_pio_irq_handler+0x472>
1000200a:	0550      	lsls	r0, r2, #21
1000200c:	f100 8193 	bmi.w	10002336 <can2040_pio_irq_handler+0x45a>
10002010:	f412 7380 	ands.w	r3, r2, #256	@ 0x100
10002014:	f040 81b3 	bne.w	1000237e <can2040_pio_irq_handler+0x4a2>
10002018:	0592      	lsls	r2, r2, #22
1000201a:	d5b1      	bpl.n	10001f80 <can2040_pio_irq_handler+0xa4>
1000201c:	f240 3102 	movw	r1, #770	@ 0x302
10002020:	6862      	ldr	r2, [r4, #4]
10002022:	f8d2 5170 	ldr.w	r5, [r2, #368]	@ 0x170
10002026:	428d      	cmp	r5, r1
10002028:	d103      	bne.n	10002032 <can2040_pio_irq_handler+0x156>
1000202a:	6da1      	ldr	r1, [r4, #88]	@ 0x58
1000202c:	2901      	cmp	r1, #1
1000202e:	f000 8348 	beq.w	100026c2 <can2040_pio_irq_handler+0x7e6>
10002032:	4620      	mov	r0, r4
10002034:	f7ff fe24 	bl	10001c80 <tx_schedule_transmit>
10002038:	f425 7500 	bic.w	r5, r5, #512	@ 0x200
1000203c:	6862      	ldr	r2, [r4, #4]
1000203e:	4305      	orrs	r5, r0
10002040:	f045 0502 	orr.w	r5, r5, #2
10002044:	f8c2 5170 	str.w	r5, [r2, #368]	@ 0x170
10002048:	e79a      	b.n	10001f80 <can2040_pio_irq_handler+0xa4>
1000204a:	6861      	ldr	r1, [r4, #4]
1000204c:	688b      	ldr	r3, [r1, #8]
1000204e:	079b      	lsls	r3, r3, #30
10002050:	f100 81c3 	bmi.w	100023da <can2040_pio_irq_handler+0x4fe>
10002054:	2309      	movs	r3, #9
10002056:	63a3      	str	r3, [r4, #56]	@ 0x38
10002058:	2320      	movs	r3, #32
1000205a:	2000      	movs	r0, #0
1000205c:	6323      	str	r3, [r4, #48]	@ 0x30
1000205e:	6da3      	ldr	r3, [r4, #88]	@ 0x58
10002060:	62e0      	str	r0, [r4, #44]	@ 0x2c
10002062:	b10b      	cbz	r3, 10002068 <can2040_pio_irq_handler+0x18c>
10002064:	65a0      	str	r0, [r4, #88]	@ 0x58
10002066:	6188      	str	r0, [r1, #24]
10002068:	4667      	mov	r7, ip
1000206a:	e7c2      	b.n	10001ff2 <can2040_pio_irq_handler+0x116>
1000206c:	2b1f      	cmp	r3, #31
1000206e:	f000 8271 	beq.w	10002554 <can2040_pio_irq_handler+0x678>
10002072:	2b1b      	cmp	r3, #27
10002074:	f240 81a3 	bls.w	100023be <can2040_pio_irq_handler+0x4e2>
10002078:	6da3      	ldr	r3, [r4, #88]	@ 0x58
1000207a:	2b00      	cmp	r3, #0
1000207c:	f040 82e8 	bne.w	10002650 <can2040_pio_irq_handler+0x774>
10002080:	6860      	ldr	r0, [r4, #4]
10002082:	6883      	ldr	r3, [r0, #8]
10002084:	f013 0302 	ands.w	r3, r3, #2
10002088:	f040 82c4 	bne.w	10002614 <can2040_pio_irq_handler+0x738>
1000208c:	2209      	movs	r2, #9
1000208e:	62e3      	str	r3, [r4, #44]	@ 0x2c
10002090:	2320      	movs	r3, #32
10002092:	63a2      	str	r2, [r4, #56]	@ 0x38
10002094:	6323      	str	r3, [r4, #48]	@ 0x30
10002096:	f24a 1c27 	movw	ip, #41255	@ 0xa127
1000209a:	e9d4 2709 	ldrd	r2, r7, [r4, #36]	@ 0x24
1000209e:	f240 3302 	movw	r3, #770	@ 0x302
100020a2:	f8c0 c050 	str.w	ip, [r0, #80]	@ 0x50
100020a6:	2120      	movs	r1, #32
100020a8:	f8c0 3170 	str.w	r3, [r0, #368]	@ 0x170
100020ac:	e72e      	b.n	10001f0c <can2040_pio_irq_handler+0x30>
100020ae:	2b0f      	cmp	r3, #15
100020b0:	6861      	ldr	r1, [r4, #4]
100020b2:	f040 818b 	bne.w	100023cc <can2040_pio_irq_handler+0x4f0>
100020b6:	688b      	ldr	r3, [r1, #8]
100020b8:	f013 0302 	ands.w	r3, r3, #2
100020bc:	f040 8186 	bne.w	100023cc <can2040_pio_irq_handler+0x4f0>
100020c0:	62e3      	str	r3, [r4, #44]	@ 0x2c
100020c2:	2301      	movs	r3, #1
100020c4:	2008      	movs	r0, #8
100020c6:	2105      	movs	r1, #5
100020c8:	fa03 f30c 	lsl.w	r3, r3, ip
100020cc:	63a0      	str	r0, [r4, #56]	@ 0x38
100020ce:	1e58      	subs	r0, r3, #1
100020d0:	4002      	ands	r2, r0
100020d2:	ea42 0243 	orr.w	r2, r2, r3, lsl #1
100020d6:	4667      	mov	r7, ip
100020d8:	6321      	str	r1, [r4, #48]	@ 0x30
100020da:	6262      	str	r2, [r4, #36]	@ 0x24
100020dc:	e716      	b.n	10001f0c <can2040_pio_irq_handler+0x30>
100020de:	6be1      	ldr	r1, [r4, #60]	@ 0x3c
100020e0:	0049      	lsls	r1, r1, #1
100020e2:	f041 0101 	orr.w	r1, r1, #1
100020e6:	428b      	cmp	r3, r1
100020e8:	f040 816f 	bne.w	100023ca <can2040_pio_irq_handler+0x4ee>
100020ec:	6da3      	ldr	r3, [r4, #88]	@ 0x58
100020ee:	2b02      	cmp	r3, #2
100020f0:	d104      	bne.n	100020fc <can2040_pio_irq_handler+0x220>
100020f2:	f240 5102 	movw	r1, #1282	@ 0x502
100020f6:	6863      	ldr	r3, [r4, #4]
100020f8:	f8c3 1170 	str.w	r1, [r3, #368]	@ 0x170
100020fc:	2006      	movs	r0, #6
100020fe:	2301      	movs	r3, #1
10002100:	63a0      	str	r0, [r4, #56]	@ 0x38
10002102:	2000      	movs	r0, #0
10002104:	2102      	movs	r1, #2
10002106:	fa03 f30c 	lsl.w	r3, r3, ip
1000210a:	62e0      	str	r0, [r4, #44]	@ 0x2c
1000210c:	1e58      	subs	r0, r3, #1
1000210e:	4002      	ands	r2, r0
10002110:	ea42 0243 	orr.w	r2, r2, r3, lsl #1
10002114:	4667      	mov	r7, ip
10002116:	6321      	str	r1, [r4, #48]	@ 0x30
10002118:	6262      	str	r2, [r4, #36]	@ 0x24
1000211a:	e6f7      	b.n	10001f0c <can2040_pio_irq_handler+0x30>
1000211c:	6ce7      	ldr	r7, [r4, #76]	@ 0x4c
1000211e:	2f03      	cmp	r7, #3
10002120:	f240 81a6 	bls.w	10002470 <can2040_pio_irq_handler+0x594>
10002124:	4619      	mov	r1, r3
10002126:	f8d4 e03c 	ldr.w	lr, [r4, #60]	@ 0x3c
1000212a:	f3ce 18c7 	ubfx	r8, lr, #7, #8
1000212e:	48c2      	ldr	r0, [pc, #776]	@ (10002438 <can2040_pio_irq_handler+0x55c>)
10002130:	ea88 6813 	eor.w	r8, r8, r3, lsr #24
10002134:	f830 8018 	ldrh.w	r8, [r0, r8, lsl #1]
10002138:	ea88 2e0e 	eor.w	lr, r8, lr, lsl #8
1000213c:	ea4f 18de 	mov.w	r8, lr, lsr #7
10002140:	ea88 4813 	eor.w	r8, r8, r3, lsr #16
10002144:	fa5f f888 	uxtb.w	r8, r8
10002148:	f830 8018 	ldrh.w	r8, [r0, r8, lsl #1]
1000214c:	ea88 2e0e 	eor.w	lr, r8, lr, lsl #8
10002150:	ba09      	rev	r1, r1
10002152:	6521      	str	r1, [r4, #80]	@ 0x50
10002154:	ea4f 11de 	mov.w	r1, lr, lsr #7
10002158:	ea81 2113 	eor.w	r1, r1, r3, lsr #8
1000215c:	b2c9      	uxtb	r1, r1
1000215e:	f830 1011 	ldrh.w	r1, [r0, r1, lsl #1]
10002162:	2f04      	cmp	r7, #4
10002164:	ea81 210e 	eor.w	r1, r1, lr, lsl #8
10002168:	ea83 13d1 	eor.w	r3, r3, r1, lsr #7
1000216c:	b2db      	uxtb	r3, r3
1000216e:	f830 3013 	ldrh.w	r3, [r0, r3, lsl #1]
10002172:	ea83 2301 	eor.w	r3, r3, r1, lsl #8
10002176:	63e3      	str	r3, [r4, #60]	@ 0x3c
10002178:	d955      	bls.n	10002226 <can2040_pio_irq_handler+0x34a>
1000217a:	2304      	movs	r3, #4
1000217c:	2f07      	cmp	r7, #7
1000217e:	bf88      	it	hi
10002180:	2120      	movhi	r1, #32
10002182:	63a3      	str	r3, [r4, #56]	@ 0x38
10002184:	f04f 0300 	mov.w	r3, #0
10002188:	bf9c      	itt	ls
1000218a:	3f04      	subls	r7, #4
1000218c:	00f9      	lslls	r1, r7, #3
1000218e:	6321      	str	r1, [r4, #48]	@ 0x30
10002190:	4667      	mov	r7, ip
10002192:	62e3      	str	r3, [r4, #44]	@ 0x2c
10002194:	e6ba      	b.n	10001f0c <can2040_pio_irq_handler+0x30>
10002196:	f8d4 e048 	ldr.w	lr, [r4, #72]	@ 0x48
1000219a:	48a7      	ldr	r0, [pc, #668]	@ (10002438 <can2040_pio_irq_handler+0x55c>)
1000219c:	f3ce 3107 	ubfx	r1, lr, #12, #8
100021a0:	f830 9011 	ldrh.w	r9, [r0, r1, lsl #1]
100021a4:	ea4f 510e 	mov.w	r1, lr, lsl #20
100021a8:	ea4f 17d9 	mov.w	r7, r9, lsr #7
100021ac:	ea87 171e 	eor.w	r7, r7, lr, lsr #4
100021b0:	b2ff      	uxtb	r7, r7
100021b2:	f830 8017 	ldrh.w	r8, [r0, r7, lsl #1]
100021b6:	f401 0170 	and.w	r1, r1, #15728640	@ 0xf00000
100021ba:	ea88 2809 	eor.w	r8, r8, r9, lsl #8
100021be:	4319      	orrs	r1, r3
100021c0:	ea4f 17d8 	mov.w	r7, r8, lsr #7
100021c4:	ea87 4711 	eor.w	r7, r7, r1, lsr #16
100021c8:	b2ff      	uxtb	r7, r7
100021ca:	f830 9017 	ldrh.w	r9, [r0, r7, lsl #1]
100021ce:	ea89 2908 	eor.w	r9, r9, r8, lsl #8
100021d2:	ea4f 17d9 	mov.w	r7, r9, lsr #7
100021d6:	ea87 2711 	eor.w	r7, r7, r1, lsr #8
100021da:	b2ff      	uxtb	r7, r7
100021dc:	f830 8017 	ldrh.w	r8, [r0, r7, lsl #1]
100021e0:	ea88 2809 	eor.w	r8, r8, r9, lsl #8
100021e4:	ea81 17d8 	eor.w	r7, r1, r8, lsr #7
100021e8:	b2ff      	uxtb	r7, r7
100021ea:	f830 1017 	ldrh.w	r1, [r0, r7, lsl #1]
100021ee:	4893      	ldr	r0, [pc, #588]	@ (1000243c <can2040_pio_irq_handler+0x560>)
100021f0:	ea81 2108 	eor.w	r1, r1, r8, lsl #8
100021f4:	63e1      	str	r1, [r4, #60]	@ 0x3c
100021f6:	ea4f 314e 	mov.w	r1, lr, lsl #13
100021fa:	ea00 20ce 	and.w	r0, r0, lr, lsl #11
100021fe:	f401 3178 	and.w	r1, r1, #253952	@ 0x3e000
10002202:	4301      	orrs	r1, r0
10002204:	f013 0030 	ands.w	r0, r3, #48	@ 0x30
10002208:	ea41 11d3 	orr.w	r1, r1, r3, lsr #7
1000220c:	f47f af1d 	bne.w	1000204a <can2040_pio_irq_handler+0x16e>
10002210:	e9c4 0014 	strd	r0, r0, [r4, #80]	@ 0x50
10002214:	065f      	lsls	r7, r3, #25
10002216:	f003 000f 	and.w	r0, r3, #15
1000221a:	64e0      	str	r0, [r4, #76]	@ 0x4c
1000221c:	f140 8151 	bpl.w	100024c2 <can2040_pio_irq_handler+0x5e6>
10002220:	f041 4140 	orr.w	r1, r1, #3221225472	@ 0xc0000000
10002224:	64a1      	str	r1, [r4, #72]	@ 0x48
10002226:	4620      	mov	r0, r4
10002228:	f7ff fda0 	bl	10001d6c <data_state_go_crc>
1000222c:	e9d4 2709 	ldrd	r2, r7, [r4, #36]	@ 0x24
10002230:	6b21      	ldr	r1, [r4, #48]	@ 0x30
10002232:	e66b      	b.n	10001f0c <can2040_pio_irq_handler+0x30>
10002234:	6ca7      	ldr	r7, [r4, #72]	@ 0x48
10002236:	ea43 4747 	orr.w	r7, r3, r7, lsl #17
1000223a:	f003 0360 	and.w	r3, r3, #96	@ 0x60
1000223e:	2b60      	cmp	r3, #96	@ 0x60
10002240:	f000 8152 	beq.w	100024e8 <can2040_pio_irq_handler+0x60c>
10002244:	487c      	ldr	r0, [pc, #496]	@ (10002438 <can2040_pio_irq_handler+0x55c>)
10002246:	f3c7 4307 	ubfx	r3, r7, #16, #8
1000224a:	f830 e013 	ldrh.w	lr, [r0, r3, lsl #1]
1000224e:	f3c7 11ca 	ubfx	r1, r7, #7, #11
10002252:	ea4f 13de 	mov.w	r3, lr, lsr #7
10002256:	ea83 2317 	eor.w	r3, r3, r7, lsr #8
1000225a:	b2db      	uxtb	r3, r3
1000225c:	f830 3013 	ldrh.w	r3, [r0, r3, lsl #1]
10002260:	ea83 230e 	eor.w	r3, r3, lr, lsl #8
10002264:	ea87 1ed3 	eor.w	lr, r7, r3, lsr #7
10002268:	fa5f fe8e 	uxtb.w	lr, lr
1000226c:	f830 001e 	ldrh.w	r0, [r0, lr, lsl #1]
10002270:	ea80 2303 	eor.w	r3, r0, r3, lsl #8
10002274:	63e3      	str	r3, [r4, #60]	@ 0x3c
10002276:	f017 0330 	ands.w	r3, r7, #48	@ 0x30
1000227a:	f040 81af 	bne.w	100025dc <can2040_pio_irq_handler+0x700>
1000227e:	e9c4 3314 	strd	r3, r3, [r4, #80]	@ 0x50
10002282:	0678      	lsls	r0, r7, #25
10002284:	f007 030f 	and.w	r3, r7, #15
10002288:	64e3      	str	r3, [r4, #76]	@ 0x4c
1000228a:	f140 81b9 	bpl.w	10002600 <can2040_pio_irq_handler+0x724>
1000228e:	f041 4180 	orr.w	r1, r1, #1073741824	@ 0x40000000
10002292:	64a1      	str	r1, [r4, #72]	@ 0x48
10002294:	e7c7      	b.n	10002226 <can2040_pio_irq_handler+0x34a>
10002296:	4667      	mov	r7, ip
10002298:	2111      	movs	r1, #17
1000229a:	f44f 7e81 	mov.w	lr, #258	@ 0x102
1000229e:	2001      	movs	r0, #1
100022a0:	f04f 0c00 	mov.w	ip, #0
100022a4:	64a3      	str	r3, [r4, #72]	@ 0x48
100022a6:	6863      	ldr	r3, [r4, #4]
100022a8:	f8c3 e170 	str.w	lr, [r3, #368]	@ 0x170
100022ac:	63a0      	str	r0, [r4, #56]	@ 0x38
100022ae:	f8c4 c02c 	str.w	ip, [r4, #44]	@ 0x2c
100022b2:	6321      	str	r1, [r4, #48]	@ 0x30
100022b4:	e62a      	b.n	10001f0c <can2040_pio_irq_handler+0x30>
100022b6:	2b01      	cmp	r3, #1
100022b8:	f040 811f 	bne.w	100024fa <can2040_pio_irq_handler+0x61e>
100022bc:	6da3      	ldr	r3, [r4, #88]	@ 0x58
100022be:	b113      	cbz	r3, 100022c6 <can2040_pio_irq_handler+0x3ea>
100022c0:	f043 0304 	orr.w	r3, r3, #4
100022c4:	65a3      	str	r3, [r4, #88]	@ 0x58
100022c6:	2307      	movs	r3, #7
100022c8:	2104      	movs	r1, #4
100022ca:	63a3      	str	r3, [r4, #56]	@ 0x38
100022cc:	2300      	movs	r3, #0
100022ce:	4667      	mov	r7, ip
100022d0:	6321      	str	r1, [r4, #48]	@ 0x30
100022d2:	62e3      	str	r3, [r4, #44]	@ 0x2c
100022d4:	e61a      	b.n	10001f0c <can2040_pio_irq_handler+0x30>
100022d6:	6ce1      	ldr	r1, [r4, #76]	@ 0x4c
100022d8:	6be2      	ldr	r2, [r4, #60]	@ 0x3c
100022da:	2907      	cmp	r1, #7
100022dc:	f240 80e0 	bls.w	100024a0 <can2040_pio_irq_handler+0x5c4>
100022e0:	461f      	mov	r7, r3
100022e2:	f3c2 11c7 	ubfx	r1, r2, #7, #8
100022e6:	4854      	ldr	r0, [pc, #336]	@ (10002438 <can2040_pio_irq_handler+0x55c>)
100022e8:	ea81 6113 	eor.w	r1, r1, r3, lsr #24
100022ec:	f830 1011 	ldrh.w	r1, [r0, r1, lsl #1]
100022f0:	ea81 2202 	eor.w	r2, r1, r2, lsl #8
100022f4:	09d1      	lsrs	r1, r2, #7
100022f6:	ea81 4113 	eor.w	r1, r1, r3, lsr #16
100022fa:	b2c9      	uxtb	r1, r1
100022fc:	f830 1011 	ldrh.w	r1, [r0, r1, lsl #1]
10002300:	ea81 2202 	eor.w	r2, r1, r2, lsl #8
10002304:	09d1      	lsrs	r1, r2, #7
10002306:	ea81 2113 	eor.w	r1, r1, r3, lsr #8
1000230a:	b2c9      	uxtb	r1, r1
1000230c:	f830 1011 	ldrh.w	r1, [r0, r1, lsl #1]
10002310:	ea81 2202 	eor.w	r2, r1, r2, lsl #8
10002314:	ea83 13d2 	eor.w	r3, r3, r2, lsr #7
10002318:	b2db      	uxtb	r3, r3
1000231a:	f830 3013 	ldrh.w	r3, [r0, r3, lsl #1]
1000231e:	ba3f      	rev	r7, r7
10002320:	ea83 2202 	eor.w	r2, r3, r2, lsl #8
10002324:	63e2      	str	r2, [r4, #60]	@ 0x3c
10002326:	6567      	str	r7, [r4, #84]	@ 0x54
10002328:	4620      	mov	r0, r4
1000232a:	f7ff fd1f 	bl	10001d6c <data_state_go_crc>
1000232e:	e9d4 2709 	ldrd	r2, r7, [r4, #36]	@ 0x24
10002332:	6b21      	ldr	r1, [r4, #48]	@ 0x30
10002334:	e5ea      	b.n	10001f0c <can2040_pio_irq_handler+0x30>
10002336:	6da3      	ldr	r3, [r4, #88]	@ 0x58
10002338:	2b00      	cmp	r3, #0
1000233a:	d163      	bne.n	10002404 <can2040_pio_irq_handler+0x528>
1000233c:	4620      	mov	r0, r4
1000233e:	f7ff fc9f 	bl	10001c80 <tx_schedule_transmit>
10002342:	6863      	ldr	r3, [r4, #4]
10002344:	f040 0002 	orr.w	r0, r0, #2
10002348:	f8c3 0170 	str.w	r0, [r3, #368]	@ 0x170
1000234c:	e618      	b.n	10001f80 <can2040_pio_irq_handler+0xa4>
1000234e:	e9d4 3210 	ldrd	r3, r2, [r4, #64]	@ 0x40
10002352:	021b      	lsls	r3, r3, #8
10002354:	f5c2 62ff 	rsb	r2, r2, #2040	@ 0x7f8
10002358:	f3c3 0314 	ubfx	r3, r3, #0, #21
1000235c:	6861      	ldr	r1, [r4, #4]
1000235e:	ea43 5342 	orr.w	r3, r3, r2, lsl #21
10002362:	f043 037f 	orr.w	r3, r3, #127	@ 0x7f
10002366:	618b      	str	r3, [r1, #24]
10002368:	4620      	mov	r0, r4
1000236a:	f7ff fc89 	bl	10001c80 <tx_schedule_transmit>
1000236e:	6863      	ldr	r3, [r4, #4]
10002370:	f440 60a0 	orr.w	r0, r0, #1280	@ 0x500
10002374:	f040 0002 	orr.w	r0, r0, #2
10002378:	f8c3 0170 	str.w	r0, [r3, #368]	@ 0x170
1000237c:	e600      	b.n	10001f80 <can2040_pio_irq_handler+0xa4>
1000237e:	6da3      	ldr	r3, [r4, #88]	@ 0x58
10002380:	2b00      	cmp	r3, #0
10002382:	d15d      	bne.n	10002440 <can2040_pio_irq_handler+0x564>
10002384:	4620      	mov	r0, r4
10002386:	f7ff fc7b 	bl	10001c80 <tx_schedule_transmit>
1000238a:	6862      	ldr	r2, [r4, #4]
1000238c:	f040 0002 	orr.w	r0, r0, #2
10002390:	f8c2 0170 	str.w	r0, [r2, #368]	@ 0x170
10002394:	e5f4      	b.n	10001f80 <can2040_pio_irq_handler+0xa4>
10002396:	2b09      	cmp	r3, #9
10002398:	d002      	beq.n	100023a0 <can2040_pio_irq_handler+0x4c4>
1000239a:	2b00      	cmp	r3, #0
1000239c:	f040 8211 	bne.w	100027c2 <can2040_pio_irq_handler+0x8e6>
100023a0:	fa22 f307 	lsr.w	r3, r2, r7
100023a4:	43db      	mvns	r3, r3
100023a6:	f000 81fe 	beq.w	100027a6 <can2040_pio_irq_handler+0x8ca>
100023aa:	f3c3 0309 	ubfx	r3, r3, #0, #10
100023ae:	2b00      	cmp	r3, #0
100023b0:	f040 8114 	bne.w	100025dc <can2040_pio_irq_handler+0x700>
100023b4:	2101      	movs	r1, #1
100023b6:	63a3      	str	r3, [r4, #56]	@ 0x38
100023b8:	62e3      	str	r3, [r4, #44]	@ 0x2c
100023ba:	6321      	str	r1, [r4, #48]	@ 0x30
100023bc:	e5a6      	b.n	10001f0c <can2040_pio_irq_handler+0x30>
100023be:	2b17      	cmp	r3, #23
100023c0:	d903      	bls.n	100023ca <can2040_pio_irq_handler+0x4ee>
100023c2:	6da3      	ldr	r3, [r4, #88]	@ 0x58
100023c4:	0799      	lsls	r1, r3, #30
100023c6:	f57f ae58 	bpl.w	1000207a <can2040_pio_irq_handler+0x19e>
100023ca:	6861      	ldr	r1, [r4, #4]
100023cc:	6a23      	ldr	r3, [r4, #32]
100023ce:	3301      	adds	r3, #1
100023d0:	6223      	str	r3, [r4, #32]
100023d2:	688b      	ldr	r3, [r1, #8]
100023d4:	0798      	lsls	r0, r3, #30
100023d6:	f57f ae3d 	bpl.w	10002054 <can2040_pio_irq_handler+0x178>
100023da:	2700      	movs	r7, #0
100023dc:	4620      	mov	r0, r4
100023de:	6267      	str	r7, [r4, #36]	@ 0x24
100023e0:	62a7      	str	r7, [r4, #40]	@ 0x28
100023e2:	6367      	str	r7, [r4, #52]	@ 0x34
100023e4:	f7ff fb2e 	bl	10001a44 <pio_sm_setup>
100023e8:	466a      	mov	r2, sp
100023ea:	f44f 0100 	mov.w	r1, #8388608	@ 0x800000
100023ee:	4620      	mov	r0, r4
100023f0:	e9cd 7701 	strd	r7, r7, [sp, #4]
100023f4:	6923      	ldr	r3, [r4, #16]
100023f6:	9700      	str	r7, [sp, #0]
100023f8:	9703      	str	r7, [sp, #12]
100023fa:	4798      	blx	r3
100023fc:	e9d4 2c09 	ldrd	r2, ip, [r4, #36]	@ 0x24
10002400:	6861      	ldr	r1, [r4, #4]
10002402:	e627      	b.n	10002054 <can2040_pio_irq_handler+0x178>
10002404:	f24e 112a 	movw	r1, #57642	@ 0xe12a
10002408:	f043 0304 	orr.w	r3, r3, #4
1000240c:	6862      	ldr	r2, [r4, #4]
1000240e:	2b06      	cmp	r3, #6
10002410:	65a3      	str	r3, [r4, #88]	@ 0x58
10002412:	6511      	str	r1, [r2, #80]	@ 0x50
10002414:	f000 813e 	beq.w	10002694 <can2040_pio_irq_handler+0x7b8>
10002418:	6963      	ldr	r3, [r4, #20]
1000241a:	f44f 1180 	mov.w	r1, #1048576	@ 0x100000
1000241e:	3301      	adds	r3, #1
10002420:	4620      	mov	r0, r4
10002422:	6925      	ldr	r5, [r4, #16]
10002424:	6163      	str	r3, [r4, #20]
10002426:	f104 0248 	add.w	r2, r4, #72	@ 0x48
1000242a:	47a8      	blx	r5
1000242c:	2300      	movs	r3, #0
1000242e:	6862      	ldr	r2, [r4, #4]
10002430:	65a3      	str	r3, [r4, #88]	@ 0x58
10002432:	6193      	str	r3, [r2, #24]
10002434:	e782      	b.n	1000233c <can2040_pio_irq_handler+0x460>
10002436:	bf00      	nop
10002438:	10002d0c 	.word	0x10002d0c
1000243c:	1ffc0000 	.word	0x1ffc0000
10002440:	0759      	lsls	r1, r3, #29
10002442:	d510      	bpl.n	10002466 <can2040_pio_irq_handler+0x58a>
10002444:	f24e 112a 	movw	r1, #57642	@ 0xe12a
10002448:	6862      	ldr	r2, [r4, #4]
1000244a:	2b06      	cmp	r3, #6
1000244c:	6511      	str	r1, [r2, #80]	@ 0x50
1000244e:	f000 816e 	beq.w	1000272e <can2040_pio_irq_handler+0x852>
10002452:	6963      	ldr	r3, [r4, #20]
10002454:	f44f 1180 	mov.w	r1, #1048576	@ 0x100000
10002458:	3301      	adds	r3, #1
1000245a:	4620      	mov	r0, r4
1000245c:	6925      	ldr	r5, [r4, #16]
1000245e:	6163      	str	r3, [r4, #20]
10002460:	f104 0248 	add.w	r2, r4, #72	@ 0x48
10002464:	47a8      	blx	r5
10002466:	2300      	movs	r3, #0
10002468:	6862      	ldr	r2, [r4, #4]
1000246a:	65a3      	str	r3, [r4, #88]	@ 0x58
1000246c:	6193      	str	r3, [r2, #24]
1000246e:	e789      	b.n	10002384 <can2040_pio_irq_handler+0x4a8>
10002470:	2f02      	cmp	r7, #2
10002472:	f8d4 e03c 	ldr.w	lr, [r4, #60]	@ 0x3c
10002476:	f000 810a 	beq.w	1000268e <can2040_pio_irq_handler+0x7b2>
1000247a:	2f03      	cmp	r7, #3
1000247c:	f000 8104 	beq.w	10002688 <can2040_pio_irq_handler+0x7ac>
10002480:	2f01      	cmp	r7, #1
10002482:	f47f ae52 	bne.w	1000212a <can2040_pio_irq_handler+0x24e>
10002486:	ea83 12de 	eor.w	r2, r3, lr, lsr #7
1000248a:	48bb      	ldr	r0, [pc, #748]	@ (10002778 <can2040_pio_irq_handler+0x89c>)
1000248c:	b2d2      	uxtb	r2, r2
1000248e:	f830 2012 	ldrh.w	r2, [r0, r2, lsl #1]
10002492:	061b      	lsls	r3, r3, #24
10002494:	ea82 220e 	eor.w	r2, r2, lr, lsl #8
10002498:	ba1b      	rev	r3, r3
1000249a:	63e2      	str	r2, [r4, #60]	@ 0x3c
1000249c:	6523      	str	r3, [r4, #80]	@ 0x50
1000249e:	e6c2      	b.n	10002226 <can2040_pio_irq_handler+0x34a>
100024a0:	2906      	cmp	r1, #6
100024a2:	f1a1 0004 	sub.w	r0, r1, #4
100024a6:	f000 8109 	beq.w	100026bc <can2040_pio_irq_handler+0x7e0>
100024aa:	2803      	cmp	r0, #3
100024ac:	f000 8103 	beq.w	100026b6 <can2040_pio_irq_handler+0x7da>
100024b0:	2801      	cmp	r0, #1
100024b2:	f000 80fd 	beq.w	100026b0 <can2040_pio_irq_handler+0x7d4>
100024b6:	00c7      	lsls	r7, r0, #3
100024b8:	f1c7 0720 	rsb	r7, r7, #32
100024bc:	fa03 f707 	lsl.w	r7, r3, r7
100024c0:	e70f      	b.n	100022e2 <can2040_pio_irq_handler+0x406>
100024c2:	f041 4100 	orr.w	r1, r1, #2147483648	@ 0x80000000
100024c6:	64a1      	str	r1, [r4, #72]	@ 0x48
100024c8:	2800      	cmp	r0, #0
100024ca:	f43f aeac 	beq.w	10002226 <can2040_pio_irq_handler+0x34a>
100024ce:	f013 0f0c 	tst.w	r3, #12
100024d2:	d107      	bne.n	100024e4 <can2040_pio_irq_handler+0x608>
100024d4:	00c1      	lsls	r1, r0, #3
100024d6:	2303      	movs	r3, #3
100024d8:	63a3      	str	r3, [r4, #56]	@ 0x38
100024da:	2300      	movs	r3, #0
100024dc:	4667      	mov	r7, ip
100024de:	6321      	str	r1, [r4, #48]	@ 0x30
100024e0:	62e3      	str	r3, [r4, #44]	@ 0x2c
100024e2:	e513      	b.n	10001f0c <can2040_pio_irq_handler+0x30>
100024e4:	2120      	movs	r1, #32
100024e6:	e7f6      	b.n	100024d6 <can2040_pio_irq_handler+0x5fa>
100024e8:	2302      	movs	r3, #2
100024ea:	2114      	movs	r1, #20
100024ec:	63a3      	str	r3, [r4, #56]	@ 0x38
100024ee:	2300      	movs	r3, #0
100024f0:	64a7      	str	r7, [r4, #72]	@ 0x48
100024f2:	6321      	str	r1, [r4, #48]	@ 0x30
100024f4:	4667      	mov	r7, ip
100024f6:	62e3      	str	r3, [r4, #44]	@ 0x2c
100024f8:	e508      	b.n	10001f0c <can2040_pio_irq_handler+0x30>
100024fa:	2101      	movs	r1, #1
100024fc:	6c20      	ldr	r0, [r4, #64]	@ 0x40
100024fe:	f8d4 e004 	ldr.w	lr, [r4, #4]
10002502:	ea43 0080 	orr.w	r0, r3, r0, lsl #2
10002506:	6a23      	ldr	r3, [r4, #32]
10002508:	f8de 7008 	ldr.w	r7, [lr, #8]
1000250c:	440b      	add	r3, r1
1000250e:	6223      	str	r3, [r4, #32]
10002510:	fa01 f30c 	lsl.w	r3, r1, ip
10002514:	3b01      	subs	r3, #1
10002516:	fa00 f00c 	lsl.w	r0, r0, ip
1000251a:	4013      	ands	r3, r2
1000251c:	ea40 0203 	orr.w	r2, r0, r3
10002520:	07bf      	lsls	r7, r7, #30
10002522:	6262      	str	r2, [r4, #36]	@ 0x24
10002524:	f100 8111 	bmi.w	1000274a <can2040_pio_irq_handler+0x86e>
10002528:	2309      	movs	r3, #9
1000252a:	63a3      	str	r3, [r4, #56]	@ 0x38
1000252c:	2320      	movs	r3, #32
1000252e:	2100      	movs	r1, #0
10002530:	6323      	str	r3, [r4, #48]	@ 0x30
10002532:	6da3      	ldr	r3, [r4, #88]	@ 0x58
10002534:	62e1      	str	r1, [r4, #44]	@ 0x2c
10002536:	b113      	cbz	r3, 1000253e <can2040_pio_irq_handler+0x662>
10002538:	65a1      	str	r1, [r4, #88]	@ 0x58
1000253a:	f8ce 1018 	str.w	r1, [lr, #24]
1000253e:	f24a 1327 	movw	r3, #41255	@ 0xa127
10002542:	f8ce 3050 	str.w	r3, [lr, #80]	@ 0x50
10002546:	f240 3302 	movw	r3, #770	@ 0x302
1000254a:	4667      	mov	r7, ip
1000254c:	2120      	movs	r1, #32
1000254e:	f8ce 3170 	str.w	r3, [lr, #368]	@ 0x170
10002552:	e4db      	b.n	10001f0c <can2040_pio_irq_handler+0x30>
10002554:	6da3      	ldr	r3, [r4, #88]	@ 0x58
10002556:	b1e3      	cbz	r3, 10002592 <can2040_pio_irq_handler+0x6b6>
10002558:	0758      	lsls	r0, r3, #29
1000255a:	d510      	bpl.n	1000257e <can2040_pio_irq_handler+0x6a2>
1000255c:	f24e 112a 	movw	r1, #57642	@ 0xe12a
10002560:	6862      	ldr	r2, [r4, #4]
10002562:	2b06      	cmp	r3, #6
10002564:	6511      	str	r1, [r2, #80]	@ 0x50
10002566:	f000 8145 	beq.w	100027f4 <can2040_pio_irq_handler+0x918>
1000256a:	e9d4 7304 	ldrd	r7, r3, [r4, #16]
1000256e:	3301      	adds	r3, #1
10002570:	f44f 1180 	mov.w	r1, #1048576	@ 0x100000
10002574:	4620      	mov	r0, r4
10002576:	6163      	str	r3, [r4, #20]
10002578:	f104 0248 	add.w	r2, r4, #72	@ 0x48
1000257c:	47b8      	blx	r7
1000257e:	e9d4 2c09 	ldrd	r2, ip, [r4, #36]	@ 0x24
10002582:	2100      	movs	r1, #0
10002584:	f240 2002 	movw	r0, #514	@ 0x202
10002588:	6863      	ldr	r3, [r4, #4]
1000258a:	65a1      	str	r1, [r4, #88]	@ 0x58
1000258c:	6199      	str	r1, [r3, #24]
1000258e:	f8c3 0170 	str.w	r0, [r3, #368]	@ 0x170
10002592:	2300      	movs	r3, #0
10002594:	2101      	movs	r1, #1
10002596:	4667      	mov	r7, ip
10002598:	63a3      	str	r3, [r4, #56]	@ 0x38
1000259a:	62e3      	str	r3, [r4, #44]	@ 0x2c
1000259c:	6321      	str	r1, [r4, #48]	@ 0x30
1000259e:	e4b5      	b.n	10001f0c <can2040_pio_irq_handler+0x30>
100025a0:	6861      	ldr	r1, [r4, #4]
100025a2:	688b      	ldr	r3, [r1, #8]
100025a4:	0798      	lsls	r0, r3, #30
100025a6:	f57f ad1a 	bpl.w	10001fde <can2040_pio_irq_handler+0x102>
100025aa:	4620      	mov	r0, r4
100025ac:	f8c4 8024 	str.w	r8, [r4, #36]	@ 0x24
100025b0:	f8c4 8028 	str.w	r8, [r4, #40]	@ 0x28
100025b4:	f8c4 8034 	str.w	r8, [r4, #52]	@ 0x34
100025b8:	f7ff fa44 	bl	10001a44 <pio_sm_setup>
100025bc:	466a      	mov	r2, sp
100025be:	f44f 0100 	mov.w	r1, #8388608	@ 0x800000
100025c2:	4620      	mov	r0, r4
100025c4:	e9cd 8801 	strd	r8, r8, [sp, #4]
100025c8:	6923      	ldr	r3, [r4, #16]
100025ca:	f8cd 8000 	str.w	r8, [sp]
100025ce:	f8cd 800c 	str.w	r8, [sp, #12]
100025d2:	4798      	blx	r3
100025d4:	e9d4 2709 	ldrd	r2, r7, [r4, #36]	@ 0x24
100025d8:	6861      	ldr	r1, [r4, #4]
100025da:	e500      	b.n	10001fde <can2040_pio_irq_handler+0x102>
100025dc:	6860      	ldr	r0, [r4, #4]
100025de:	6883      	ldr	r3, [r0, #8]
100025e0:	079f      	lsls	r7, r3, #30
100025e2:	f100 80cd 	bmi.w	10002780 <can2040_pio_irq_handler+0x8a4>
100025e6:	2309      	movs	r3, #9
100025e8:	2200      	movs	r2, #0
100025ea:	2120      	movs	r1, #32
100025ec:	63a3      	str	r3, [r4, #56]	@ 0x38
100025ee:	6da3      	ldr	r3, [r4, #88]	@ 0x58
100025f0:	6321      	str	r1, [r4, #48]	@ 0x30
100025f2:	62e2      	str	r2, [r4, #44]	@ 0x2c
100025f4:	2b00      	cmp	r3, #0
100025f6:	f43f ad4e 	beq.w	10002096 <can2040_pio_irq_handler+0x1ba>
100025fa:	65a2      	str	r2, [r4, #88]	@ 0x58
100025fc:	6182      	str	r2, [r0, #24]
100025fe:	e54a      	b.n	10002096 <can2040_pio_irq_handler+0x1ba>
10002600:	64a1      	str	r1, [r4, #72]	@ 0x48
10002602:	2b00      	cmp	r3, #0
10002604:	f43f ae0f 	beq.w	10002226 <can2040_pio_irq_handler+0x34a>
10002608:	f017 0f0c 	tst.w	r7, #12
1000260c:	f47f af6a 	bne.w	100024e4 <can2040_pio_irq_handler+0x608>
10002610:	00d9      	lsls	r1, r3, #3
10002612:	e760      	b.n	100024d6 <can2040_pio_irq_handler+0x5fa>
10002614:	2700      	movs	r7, #0
10002616:	4620      	mov	r0, r4
10002618:	6267      	str	r7, [r4, #36]	@ 0x24
1000261a:	62a7      	str	r7, [r4, #40]	@ 0x28
1000261c:	6367      	str	r7, [r4, #52]	@ 0x34
1000261e:	f7ff fa11 	bl	10001a44 <pio_sm_setup>
10002622:	466a      	mov	r2, sp
10002624:	4620      	mov	r0, r4
10002626:	6923      	ldr	r3, [r4, #16]
10002628:	f44f 0100 	mov.w	r1, #8388608	@ 0x800000
1000262c:	e9cd 7701 	strd	r7, r7, [sp, #4]
10002630:	9700      	str	r7, [sp, #0]
10002632:	9703      	str	r7, [sp, #12]
10002634:	4798      	blx	r3
10002636:	2209      	movs	r2, #9
10002638:	63a2      	str	r2, [r4, #56]	@ 0x38
1000263a:	2220      	movs	r2, #32
1000263c:	6da3      	ldr	r3, [r4, #88]	@ 0x58
1000263e:	6860      	ldr	r0, [r4, #4]
10002640:	62e7      	str	r7, [r4, #44]	@ 0x2c
10002642:	6322      	str	r2, [r4, #48]	@ 0x30
10002644:	2b00      	cmp	r3, #0
10002646:	f43f ad26 	beq.w	10002096 <can2040_pio_irq_handler+0x1ba>
1000264a:	65a7      	str	r7, [r4, #88]	@ 0x58
1000264c:	6187      	str	r7, [r0, #24]
1000264e:	e522      	b.n	10002096 <can2040_pio_irq_handler+0x1ba>
10002650:	075f      	lsls	r7, r3, #29
10002652:	d510      	bpl.n	10002676 <can2040_pio_irq_handler+0x79a>
10002654:	f24e 112a 	movw	r1, #57642	@ 0xe12a
10002658:	6862      	ldr	r2, [r4, #4]
1000265a:	2b06      	cmp	r3, #6
1000265c:	6511      	str	r1, [r2, #80]	@ 0x50
1000265e:	f000 80bb 	beq.w	100027d8 <can2040_pio_irq_handler+0x8fc>
10002662:	e9d4 7304 	ldrd	r7, r3, [r4, #16]
10002666:	3301      	adds	r3, #1
10002668:	f44f 1180 	mov.w	r1, #1048576	@ 0x100000
1000266c:	4620      	mov	r0, r4
1000266e:	6163      	str	r3, [r4, #20]
10002670:	f104 0248 	add.w	r2, r4, #72	@ 0x48
10002674:	47b8      	blx	r7
10002676:	2300      	movs	r3, #0
10002678:	f240 2202 	movw	r2, #514	@ 0x202
1000267c:	6860      	ldr	r0, [r4, #4]
1000267e:	65a3      	str	r3, [r4, #88]	@ 0x58
10002680:	6183      	str	r3, [r0, #24]
10002682:	f8c0 2170 	str.w	r2, [r0, #368]	@ 0x170
10002686:	e4fc      	b.n	10002082 <can2040_pio_irq_handler+0x1a6>
10002688:	483b      	ldr	r0, [pc, #236]	@ (10002778 <can2040_pio_irq_handler+0x89c>)
1000268a:	0219      	lsls	r1, r3, #8
1000268c:	e556      	b.n	1000213c <can2040_pio_irq_handler+0x260>
1000268e:	483a      	ldr	r0, [pc, #232]	@ (10002778 <can2040_pio_irq_handler+0x89c>)
10002690:	0419      	lsls	r1, r3, #16
10002692:	e55d      	b.n	10002150 <can2040_pio_irq_handler+0x274>
10002694:	6e23      	ldr	r3, [r4, #96]	@ 0x60
10002696:	1c5a      	adds	r2, r3, #1
10002698:	69a3      	ldr	r3, [r4, #24]
1000269a:	6622      	str	r2, [r4, #96]	@ 0x60
1000269c:	3301      	adds	r3, #1
1000269e:	f44f 1100 	mov.w	r1, #2097152	@ 0x200000
100026a2:	4620      	mov	r0, r4
100026a4:	6925      	ldr	r5, [r4, #16]
100026a6:	61a3      	str	r3, [r4, #24]
100026a8:	f104 0248 	add.w	r2, r4, #72	@ 0x48
100026ac:	47a8      	blx	r5
100026ae:	e6bd      	b.n	1000242c <can2040_pio_irq_handler+0x550>
100026b0:	4831      	ldr	r0, [pc, #196]	@ (10002778 <can2040_pio_irq_handler+0x89c>)
100026b2:	061f      	lsls	r7, r3, #24
100026b4:	e62e      	b.n	10002314 <can2040_pio_irq_handler+0x438>
100026b6:	4830      	ldr	r0, [pc, #192]	@ (10002778 <can2040_pio_irq_handler+0x89c>)
100026b8:	021f      	lsls	r7, r3, #8
100026ba:	e61b      	b.n	100022f4 <can2040_pio_irq_handler+0x418>
100026bc:	482e      	ldr	r0, [pc, #184]	@ (10002778 <can2040_pio_irq_handler+0x89c>)
100026be:	041f      	lsls	r7, r3, #16
100026c0:	e620      	b.n	10002304 <can2040_pio_irq_handler+0x428>
100026c2:	e9d4 1010 	ldrd	r1, r0, [r4, #64]	@ 0x40
100026c6:	4240      	negs	r0, r0
100026c8:	f3c1 0114 	ubfx	r1, r1, #0, #21
100026cc:	ea41 5140 	orr.w	r1, r1, r0, lsl #21
100026d0:	2002      	movs	r0, #2
100026d2:	65e0      	str	r0, [r4, #92]	@ 0x5c
100026d4:	2007      	movs	r0, #7
100026d6:	f04f 0b0c 	mov.w	fp, #12
100026da:	6010      	str	r0, [r2, #0]
100026dc:	2087      	movs	r0, #135	@ 0x87
100026de:	f24c 0623 	movw	r6, #49187	@ 0xc023
100026e2:	6010      	str	r0, [r2, #0]
100026e4:	f06f 4500 	mvn.w	r5, #2147483648	@ 0x80000000
100026e8:	f8c2 b030 	str.w	fp, [r2, #48]	@ 0x30
100026ec:	f24e 0e01 	movw	lr, #57345	@ 0xe001
100026f0:	f8c2 3118 	str.w	r3, [r2, #280]	@ 0x118
100026f4:	f246 0c21 	movw	ip, #24609	@ 0x6021
100026f8:	f242 0ac2 	movw	sl, #8386	@ 0x20c2
100026fc:	f04f 090f 	mov.w	r9, #15
10002700:	f640 1802 	movw	r8, #2306	@ 0x902
10002704:	231b      	movs	r3, #27
10002706:	4f1d      	ldr	r7, [pc, #116]	@ (1000277c <can2040_pio_irq_handler+0x8a0>)
10002708:	f8c2 7118 	str.w	r7, [r2, #280]	@ 0x118
1000270c:	f8c2 60ac 	str.w	r6, [r2, #172]	@ 0xac
10002710:	61d5      	str	r5, [r2, #28]
10002712:	f8c2 e120 	str.w	lr, [r2, #288]	@ 0x120
10002716:	f8c2 c120 	str.w	ip, [r2, #288]	@ 0x120
1000271a:	f8c2 3120 	str.w	r3, [r2, #288]	@ 0x120
1000271e:	f8c2 a120 	str.w	sl, [r2, #288]	@ 0x120
10002722:	f8c2 9000 	str.w	r9, [r2]
10002726:	6191      	str	r1, [r2, #24]
10002728:	f8c2 8170 	str.w	r8, [r2, #368]	@ 0x170
1000272c:	e428      	b.n	10001f80 <can2040_pio_irq_handler+0xa4>
1000272e:	6e23      	ldr	r3, [r4, #96]	@ 0x60
10002730:	1c5a      	adds	r2, r3, #1
10002732:	69a3      	ldr	r3, [r4, #24]
10002734:	6622      	str	r2, [r4, #96]	@ 0x60
10002736:	3301      	adds	r3, #1
10002738:	f44f 1100 	mov.w	r1, #2097152	@ 0x200000
1000273c:	4620      	mov	r0, r4
1000273e:	6925      	ldr	r5, [r4, #16]
10002740:	61a3      	str	r3, [r4, #24]
10002742:	f104 0248 	add.w	r2, r4, #72	@ 0x48
10002746:	47a8      	blx	r5
10002748:	e68d      	b.n	10002466 <can2040_pio_irq_handler+0x58a>
1000274a:	2700      	movs	r7, #0
1000274c:	4620      	mov	r0, r4
1000274e:	6267      	str	r7, [r4, #36]	@ 0x24
10002750:	62a7      	str	r7, [r4, #40]	@ 0x28
10002752:	6367      	str	r7, [r4, #52]	@ 0x34
10002754:	f7ff f976 	bl	10001a44 <pio_sm_setup>
10002758:	466a      	mov	r2, sp
1000275a:	f44f 0100 	mov.w	r1, #8388608	@ 0x800000
1000275e:	4620      	mov	r0, r4
10002760:	e9cd 7701 	strd	r7, r7, [sp, #4]
10002764:	6923      	ldr	r3, [r4, #16]
10002766:	9700      	str	r7, [sp, #0]
10002768:	9703      	str	r7, [sp, #12]
1000276a:	4798      	blx	r3
1000276c:	e9d4 2c09 	ldrd	r2, ip, [r4, #36]	@ 0x24
10002770:	f8d4 e004 	ldr.w	lr, [r4, #4]
10002774:	e6d8      	b.n	10002528 <can2040_pio_irq_handler+0x64c>
10002776:	bf00      	nop
10002778:	10002d0c 	.word	0x10002d0c
1000277c:	40020000 	.word	0x40020000
10002780:	2700      	movs	r7, #0
10002782:	4620      	mov	r0, r4
10002784:	6267      	str	r7, [r4, #36]	@ 0x24
10002786:	62a7      	str	r7, [r4, #40]	@ 0x28
10002788:	6367      	str	r7, [r4, #52]	@ 0x34
1000278a:	f7ff f95b 	bl	10001a44 <pio_sm_setup>
1000278e:	4620      	mov	r0, r4
10002790:	466a      	mov	r2, sp
10002792:	f44f 0100 	mov.w	r1, #8388608	@ 0x800000
10002796:	e9cd 7701 	strd	r7, r7, [sp, #4]
1000279a:	6923      	ldr	r3, [r4, #16]
1000279c:	9700      	str	r7, [sp, #0]
1000279e:	9703      	str	r7, [sp, #12]
100027a0:	4798      	blx	r3
100027a2:	6860      	ldr	r0, [r4, #4]
100027a4:	e71f      	b.n	100025e6 <can2040_pio_irq_handler+0x70a>
100027a6:	4620      	mov	r0, r4
100027a8:	6263      	str	r3, [r4, #36]	@ 0x24
100027aa:	62a3      	str	r3, [r4, #40]	@ 0x28
100027ac:	6363      	str	r3, [r4, #52]	@ 0x34
100027ae:	f7ff f949 	bl	10001a44 <pio_sm_setup>
100027b2:	4620      	mov	r0, r4
100027b4:	f7ff fa38 	bl	10001c28 <data_state_go_discard>
100027b8:	e9d4 2709 	ldrd	r2, r7, [r4, #36]	@ 0x24
100027bc:	6b21      	ldr	r1, [r4, #48]	@ 0x30
100027be:	f7ff bba5 	b.w	10001f0c <can2040_pio_irq_handler+0x30>
100027c2:	6a23      	ldr	r3, [r4, #32]
100027c4:	4620      	mov	r0, r4
100027c6:	3301      	adds	r3, #1
100027c8:	6223      	str	r3, [r4, #32]
100027ca:	f7ff fa2d 	bl	10001c28 <data_state_go_discard>
100027ce:	e9d4 2709 	ldrd	r2, r7, [r4, #36]	@ 0x24
100027d2:	6b21      	ldr	r1, [r4, #48]	@ 0x30
100027d4:	f7ff bb9a 	b.w	10001f0c <can2040_pio_irq_handler+0x30>
100027d8:	6e23      	ldr	r3, [r4, #96]	@ 0x60
100027da:	1c5a      	adds	r2, r3, #1
100027dc:	69a3      	ldr	r3, [r4, #24]
100027de:	6622      	str	r2, [r4, #96]	@ 0x60
100027e0:	3301      	adds	r3, #1
100027e2:	61a3      	str	r3, [r4, #24]
100027e4:	f44f 1100 	mov.w	r1, #2097152	@ 0x200000
100027e8:	4620      	mov	r0, r4
100027ea:	6923      	ldr	r3, [r4, #16]
100027ec:	f104 0248 	add.w	r2, r4, #72	@ 0x48
100027f0:	4798      	blx	r3
100027f2:	e740      	b.n	10002676 <can2040_pio_irq_handler+0x79a>
100027f4:	6e23      	ldr	r3, [r4, #96]	@ 0x60
100027f6:	1c5a      	adds	r2, r3, #1
100027f8:	69a3      	ldr	r3, [r4, #24]
100027fa:	6622      	str	r2, [r4, #96]	@ 0x60
100027fc:	3301      	adds	r3, #1
100027fe:	61a3      	str	r3, [r4, #24]
10002800:	f44f 1100 	mov.w	r1, #2097152	@ 0x200000
10002804:	4620      	mov	r0, r4
10002806:	6923      	ldr	r3, [r4, #16]
10002808:	f104 0248 	add.w	r2, r4, #72	@ 0x48
1000280c:	4798      	blx	r3
1000280e:	e6b6      	b.n	1000257e <can2040_pio_irq_handler+0x6a2>
10002810:	4667      	mov	r7, ip
10002812:	f7ff bb7b 	b.w	10001f0c <can2040_pio_irq_handler+0x30>
10002816:	bf00      	nop

10002818 <can2040_setup>:
10002818:	b538      	push	{r3, r4, r5, lr}
1000281a:	460d      	mov	r5, r1
1000281c:	f44f 728c 	mov.w	r2, #280	@ 0x118
10002820:	2100      	movs	r1, #0
10002822:	4604      	mov	r4, r0
10002824:	f000 f91e 	bl	10002a64 <memset>
10002828:	2d00      	cmp	r5, #0
1000282a:	bf14      	ite	ne
1000282c:	2301      	movne	r3, #1
1000282e:	2300      	moveq	r3, #0
10002830:	6023      	str	r3, [r4, #0]
10002832:	d102      	bne.n	1000283a <can2040_setup+0x22>
10002834:	4b05      	ldr	r3, [pc, #20]	@ (1000284c <can2040_setup+0x34>)
10002836:	6063      	str	r3, [r4, #4]
10002838:	bd38      	pop	{r3, r4, r5, pc}
1000283a:	4b05      	ldr	r3, [pc, #20]	@ (10002850 <can2040_setup+0x38>)
1000283c:	2d02      	cmp	r5, #2
1000283e:	6063      	str	r3, [r4, #4]
10002840:	bf04      	itt	eq
10002842:	f503 1380 	addeq.w	r3, r3, #1048576	@ 0x100000
10002846:	e9c4 5300 	strdeq	r5, r3, [r4]
1000284a:	bd38      	pop	{r3, r4, r5, pc}
1000284c:	50200000 	.word	0x50200000
10002850:	50300000 	.word	0x50300000

10002854 <can2040_callback_config>:
10002854:	6101      	str	r1, [r0, #16]
10002856:	4770      	bx	lr

10002858 <can2040_start>:
10002858:	b5f0      	push	{r4, r5, r6, r7, lr}
1000285a:	2b0f      	cmp	r3, #15
1000285c:	b085      	sub	sp, #20
1000285e:	461d      	mov	r5, r3
10002860:	4604      	mov	r4, r0
10002862:	9e0a      	ldr	r6, [sp, #40]	@ 0x28
10002864:	dc64      	bgt.n	10002930 <can2040_start+0xd8>
10002866:	2e20      	cmp	r6, #32
10002868:	bfa8      	it	ge
1000286a:	f04f 36ff 	movge.w	r6, #4294967295	@ 0xffffffff
1000286e:	2300      	movs	r3, #0
10002870:	6820      	ldr	r0, [r4, #0]
10002872:	e9c4 5602 	strd	r5, r6, [r4, #8]
10002876:	6263      	str	r3, [r4, #36]	@ 0x24
10002878:	62a3      	str	r3, [r4, #40]	@ 0x28
1000287a:	6363      	str	r3, [r4, #52]	@ 0x34
1000287c:	2800      	cmp	r0, #0
1000287e:	d054      	beq.n	1000292a <can2040_start+0xd2>
10002880:	2802      	cmp	r0, #2
10002882:	bf0c      	ite	eq
10002884:	f44f 5000 	moveq.w	r0, #8192	@ 0x2000
10002888:	f44f 5080 	movne.w	r0, #4096	@ 0x1000
1000288c:	4e36      	ldr	r6, [pc, #216]	@ (10002968 <can2040_start+0x110>)
1000288e:	6833      	ldr	r3, [r6, #0]
10002890:	4203      	tst	r3, r0
10002892:	d005      	beq.n	100028a0 <can2040_start+0x48>
10002894:	4b35      	ldr	r3, [pc, #212]	@ (1000296c <can2040_start+0x114>)
10002896:	6018      	str	r0, [r3, #0]
10002898:	68b3      	ldr	r3, [r6, #8]
1000289a:	4218      	tst	r0, r3
1000289c:	d0fc      	beq.n	10002898 <can2040_start+0x40>
1000289e:	68a5      	ldr	r5, [r4, #8]
100028a0:	00c9      	lsls	r1, r1, #3
100028a2:	fbb1 f2f2 	udiv	r2, r1, r2
100028a6:	6866      	ldr	r6, [r4, #4]
100028a8:	0212      	lsls	r2, r2, #8
100028aa:	2d1f      	cmp	r5, #31
100028ac:	f8c6 20c8 	str.w	r2, [r6, #200]	@ 0xc8
100028b0:	f8c6 20e0 	str.w	r2, [r6, #224]	@ 0xe0
100028b4:	f8c6 20f8 	str.w	r2, [r6, #248]	@ 0xf8
100028b8:	f8c6 2110 	str.w	r2, [r6, #272]	@ 0x110
100028bc:	dc3f      	bgt.n	1000293e <can2040_start+0xe6>
100028be:	68e3      	ldr	r3, [r4, #12]
100028c0:	2b1f      	cmp	r3, #31
100028c2:	bfd4      	ite	le
100028c4:	2300      	movle	r3, #0
100028c6:	2301      	movgt	r3, #1
100028c8:	011b      	lsls	r3, r3, #4
100028ca:	2768      	movs	r7, #104	@ 0x68
100028cc:	4620      	mov	r0, r4
100028ce:	f8c6 3168 	str.w	r3, [r6, #360]	@ 0x168
100028d2:	f7ff f8b7 	bl	10001a44 <pio_sm_setup>
100028d6:	6823      	ldr	r3, [r4, #0]
100028d8:	4925      	ldr	r1, [pc, #148]	@ (10002970 <can2040_start+0x118>)
100028da:	4a26      	ldr	r2, [pc, #152]	@ (10002974 <can2040_start+0x11c>)
100028dc:	eb01 0085 	add.w	r0, r1, r5, lsl #2
100028e0:	3306      	adds	r3, #6
100028e2:	eb02 05c5 	add.w	r5, r2, r5, lsl #3
100028e6:	6047      	str	r7, [r0, #4]
100028e8:	606b      	str	r3, [r5, #4]
100028ea:	68e0      	ldr	r0, [r4, #12]
100028ec:	2800      	cmp	r0, #0
100028ee:	db06      	blt.n	100028fe <can2040_start+0xa6>
100028f0:	eb01 0180 	add.w	r1, r1, r0, lsl #2
100028f4:	eb02 02c0 	add.w	r2, r2, r0, lsl #3
100028f8:	2060      	movs	r0, #96	@ 0x60
100028fa:	6048      	str	r0, [r1, #4]
100028fc:	6053      	str	r3, [r2, #4]
100028fe:	68b3      	ldr	r3, [r6, #8]
10002900:	079b      	lsls	r3, r3, #30
10002902:	d41e      	bmi.n	10002942 <can2040_start+0xea>
10002904:	2009      	movs	r0, #9
10002906:	2300      	movs	r3, #0
10002908:	2120      	movs	r1, #32
1000290a:	6da2      	ldr	r2, [r4, #88]	@ 0x58
1000290c:	63a0      	str	r0, [r4, #56]	@ 0x38
1000290e:	62e3      	str	r3, [r4, #44]	@ 0x2c
10002910:	6321      	str	r1, [r4, #48]	@ 0x30
10002912:	b10a      	cbz	r2, 10002918 <can2040_start+0xc0>
10002914:	65a3      	str	r3, [r4, #88]	@ 0x58
10002916:	61b3      	str	r3, [r6, #24]
10002918:	f24a 1227 	movw	r2, #41255	@ 0xa127
1000291c:	f240 3302 	movw	r3, #770	@ 0x302
10002920:	6532      	str	r2, [r6, #80]	@ 0x50
10002922:	f8c6 3170 	str.w	r3, [r6, #368]	@ 0x170
10002926:	b005      	add	sp, #20
10002928:	bdf0      	pop	{r4, r5, r6, r7, pc}
1000292a:	f44f 6000 	mov.w	r0, #2048	@ 0x800
1000292e:	e7ad      	b.n	1000288c <can2040_start+0x34>
10002930:	2b1f      	cmp	r3, #31
10002932:	dd9c      	ble.n	1000286e <can2040_start+0x16>
10002934:	2e0f      	cmp	r6, #15
10002936:	bfd8      	it	le
10002938:	f04f 36ff 	movle.w	r6, #4294967295	@ 0xffffffff
1000293c:	e797      	b.n	1000286e <can2040_start+0x16>
1000293e:	2310      	movs	r3, #16
10002940:	e7c3      	b.n	100028ca <can2040_start+0x72>
10002942:	2500      	movs	r5, #0
10002944:	4620      	mov	r0, r4
10002946:	6265      	str	r5, [r4, #36]	@ 0x24
10002948:	62a5      	str	r5, [r4, #40]	@ 0x28
1000294a:	6365      	str	r5, [r4, #52]	@ 0x34
1000294c:	f7ff f87a 	bl	10001a44 <pio_sm_setup>
10002950:	466a      	mov	r2, sp
10002952:	f44f 0100 	mov.w	r1, #8388608	@ 0x800000
10002956:	4620      	mov	r0, r4
10002958:	e9cd 5501 	strd	r5, r5, [sp, #4]
1000295c:	6923      	ldr	r3, [r4, #16]
1000295e:	9500      	str	r5, [sp, #0]
10002960:	9503      	str	r5, [sp, #12]
10002962:	4798      	blx	r3
10002964:	6866      	ldr	r6, [r4, #4]
10002966:	e7cd      	b.n	10002904 <can2040_start+0xac>
10002968:	40020000 	.word	0x40020000
1000296c:	40023000 	.word	0x40023000
10002970:	40038000 	.word	0x40038000
10002974:	40028000 	.word	0x40028000

10002978 <memcpy>:
10002978:	4684      	mov	ip, r0
1000297a:	ea41 0300 	orr.w	r3, r1, r0
1000297e:	f013 0303 	ands.w	r3, r3, #3
10002982:	d149      	bne.n	10002a18 <memcpy+0xa0>
10002984:	3a40      	subs	r2, #64	@ 0x40
10002986:	d323      	bcc.n	100029d0 <memcpy+0x58>
10002988:	680b      	ldr	r3, [r1, #0]
1000298a:	6003      	str	r3, [r0, #0]
1000298c:	684b      	ldr	r3, [r1, #4]
1000298e:	6043      	str	r3, [r0, #4]
10002990:	688b      	ldr	r3, [r1, #8]
10002992:	6083      	str	r3, [r0, #8]
10002994:	68cb      	ldr	r3, [r1, #12]
10002996:	60c3      	str	r3, [r0, #12]
10002998:	690b      	ldr	r3, [r1, #16]
1000299a:	6103      	str	r3, [r0, #16]
1000299c:	694b      	ldr	r3, [r1, #20]
1000299e:	6143      	str	r3, [r0, #20]
100029a0:	698b      	ldr	r3, [r1, #24]
100029a2:	6183      	str	r3, [r0, #24]
100029a4:	69cb      	ldr	r3, [r1, #28]
100029a6:	61c3      	str	r3, [r0, #28]
100029a8:	6a0b      	ldr	r3, [r1, #32]
100029aa:	6203      	str	r3, [r0, #32]
100029ac:	6a4b      	ldr	r3, [r1, #36]	@ 0x24
100029ae:	6243      	str	r3, [r0, #36]	@ 0x24
100029b0:	6a8b      	ldr	r3, [r1, #40]	@ 0x28
100029b2:	6283      	str	r3, [r0, #40]	@ 0x28
100029b4:	6acb      	ldr	r3, [r1, #44]	@ 0x2c
100029b6:	62c3      	str	r3, [r0, #44]	@ 0x2c
100029b8:	6b0b      	ldr	r3, [r1, #48]	@ 0x30
100029ba:	6303      	str	r3, [r0, #48]	@ 0x30
100029bc:	6b4b      	ldr	r3, [r1, #52]	@ 0x34
100029be:	6343      	str	r3, [r0, #52]	@ 0x34
100029c0:	6b8b      	ldr	r3, [r1, #56]	@ 0x38
100029c2:	6383      	str	r3, [r0, #56]	@ 0x38
100029c4:	6bcb      	ldr	r3, [r1, #60]	@ 0x3c
100029c6:	63c3      	str	r3, [r0, #60]	@ 0x3c
100029c8:	3040      	adds	r0, #64	@ 0x40
100029ca:	3140      	adds	r1, #64	@ 0x40
100029cc:	3a40      	subs	r2, #64	@ 0x40
100029ce:	d2db      	bcs.n	10002988 <memcpy+0x10>
100029d0:	3230      	adds	r2, #48	@ 0x30
100029d2:	d30b      	bcc.n	100029ec <memcpy+0x74>
100029d4:	680b      	ldr	r3, [r1, #0]
100029d6:	6003      	str	r3, [r0, #0]
100029d8:	684b      	ldr	r3, [r1, #4]
100029da:	6043      	str	r3, [r0, #4]
100029dc:	688b      	ldr	r3, [r1, #8]
100029de:	6083      	str	r3, [r0, #8]
100029e0:	68cb      	ldr	r3, [r1, #12]
100029e2:	60c3      	str	r3, [r0, #12]
100029e4:	3010      	adds	r0, #16
100029e6:	3110      	adds	r1, #16
100029e8:	3a10      	subs	r2, #16
100029ea:	d2f3      	bcs.n	100029d4 <memcpy+0x5c>
100029ec:	320c      	adds	r2, #12
100029ee:	d305      	bcc.n	100029fc <memcpy+0x84>
100029f0:	f851 3b04 	ldr.w	r3, [r1], #4
100029f4:	f840 3b04 	str.w	r3, [r0], #4
100029f8:	3a04      	subs	r2, #4
100029fa:	d2f9      	bcs.n	100029f0 <memcpy+0x78>
100029fc:	3204      	adds	r2, #4
100029fe:	d008      	beq.n	10002a12 <memcpy+0x9a>
10002a00:	07d2      	lsls	r2, r2, #31
10002a02:	bf1c      	itt	ne
10002a04:	f811 3b01 	ldrbne.w	r3, [r1], #1
10002a08:	f800 3b01 	strbne.w	r3, [r0], #1
10002a0c:	d301      	bcc.n	10002a12 <memcpy+0x9a>
10002a0e:	880b      	ldrh	r3, [r1, #0]
10002a10:	8003      	strh	r3, [r0, #0]
10002a12:	4660      	mov	r0, ip
10002a14:	4770      	bx	lr
10002a16:	bf00      	nop
10002a18:	2a08      	cmp	r2, #8
10002a1a:	d313      	bcc.n	10002a44 <memcpy+0xcc>
10002a1c:	078b      	lsls	r3, r1, #30
10002a1e:	d0b1      	beq.n	10002984 <memcpy+0xc>
10002a20:	f010 0303 	ands.w	r3, r0, #3
10002a24:	d0ae      	beq.n	10002984 <memcpy+0xc>
10002a26:	f1c3 0304 	rsb	r3, r3, #4
10002a2a:	1ad2      	subs	r2, r2, r3
10002a2c:	07db      	lsls	r3, r3, #31
10002a2e:	bf1c      	itt	ne
10002a30:	f811 3b01 	ldrbne.w	r3, [r1], #1
10002a34:	f800 3b01 	strbne.w	r3, [r0], #1
10002a38:	d3a4      	bcc.n	10002984 <memcpy+0xc>
10002a3a:	f831 3b02 	ldrh.w	r3, [r1], #2
10002a3e:	f820 3b02 	strh.w	r3, [r0], #2
10002a42:	e79f      	b.n	10002984 <memcpy+0xc>
10002a44:	3a04      	subs	r2, #4
10002a46:	d3d9      	bcc.n	100029fc <memcpy+0x84>
10002a48:	3a01      	subs	r2, #1
10002a4a:	f811 3b01 	ldrb.w	r3, [r1], #1
10002a4e:	f800 3b01 	strb.w	r3, [r0], #1
10002a52:	d2f9      	bcs.n	10002a48 <memcpy+0xd0>
10002a54:	780b      	ldrb	r3, [r1, #0]
10002a56:	7003      	strb	r3, [r0, #0]
10002a58:	784b      	ldrb	r3, [r1, #1]
10002a5a:	7043      	strb	r3, [r0, #1]
10002a5c:	788b      	ldrb	r3, [r1, #2]
10002a5e:	7083      	strb	r3, [r0, #2]
10002a60:	4660      	mov	r0, ip
10002a62:	4770      	bx	lr

10002a64 <memset>:
10002a64:	b570      	push	{r4, r5, r6, lr}
10002a66:	0786      	lsls	r6, r0, #30
10002a68:	d04a      	beq.n	10002b00 <memset+0x9c>
10002a6a:	1e54      	subs	r4, r2, #1
10002a6c:	2a00      	cmp	r2, #0
10002a6e:	d041      	beq.n	10002af4 <memset+0x90>
10002a70:	b2ca      	uxtb	r2, r1
10002a72:	4603      	mov	r3, r0
10002a74:	e001      	b.n	10002a7a <memset+0x16>
10002a76:	3c01      	subs	r4, #1
10002a78:	d33c      	bcc.n	10002af4 <memset+0x90>
10002a7a:	f803 2b01 	strb.w	r2, [r3], #1
10002a7e:	079d      	lsls	r5, r3, #30
10002a80:	d1f9      	bne.n	10002a76 <memset+0x12>
10002a82:	2c03      	cmp	r4, #3
10002a84:	d92f      	bls.n	10002ae6 <memset+0x82>
10002a86:	b2cd      	uxtb	r5, r1
10002a88:	2c0f      	cmp	r4, #15
10002a8a:	eb05 2505 	add.w	r5, r5, r5, lsl #8
10002a8e:	eb05 4505 	add.w	r5, r5, r5, lsl #16
10002a92:	d938      	bls.n	10002b06 <memset+0xa2>
10002a94:	f1a4 0c10 	sub.w	ip, r4, #16
10002a98:	f103 0e10 	add.w	lr, r3, #16
10002a9c:	461a      	mov	r2, r3
10002a9e:	f02c 060f 	bic.w	r6, ip, #15
10002aa2:	ea4f 1c1c 	mov.w	ip, ip, lsr #4
10002aa6:	44b6      	add	lr, r6
10002aa8:	6015      	str	r5, [r2, #0]
10002aaa:	3210      	adds	r2, #16
10002aac:	f842 5c0c 	str.w	r5, [r2, #-12]
10002ab0:	f842 5c08 	str.w	r5, [r2, #-8]
10002ab4:	f842 5c04 	str.w	r5, [r2, #-4]
10002ab8:	4572      	cmp	r2, lr
10002aba:	d1f5      	bne.n	10002aa8 <memset+0x44>
10002abc:	f10c 0201 	add.w	r2, ip, #1
10002ac0:	f014 0f0c 	tst.w	r4, #12
10002ac4:	f004 0c0f 	and.w	ip, r4, #15
10002ac8:	eb03 1202 	add.w	r2, r3, r2, lsl #4
10002acc:	d013      	beq.n	10002af6 <memset+0x92>
10002ace:	f1ac 0304 	sub.w	r3, ip, #4
10002ad2:	f023 0303 	bic.w	r3, r3, #3
10002ad6:	3304      	adds	r3, #4
10002ad8:	4413      	add	r3, r2
10002ada:	f842 5b04 	str.w	r5, [r2], #4
10002ade:	429a      	cmp	r2, r3
10002ae0:	d1fb      	bne.n	10002ada <memset+0x76>
10002ae2:	f00c 0403 	and.w	r4, ip, #3
10002ae6:	b12c      	cbz	r4, 10002af4 <memset+0x90>
10002ae8:	b2c9      	uxtb	r1, r1
10002aea:	441c      	add	r4, r3
10002aec:	f803 1b01 	strb.w	r1, [r3], #1
10002af0:	429c      	cmp	r4, r3
10002af2:	d1fb      	bne.n	10002aec <memset+0x88>
10002af4:	bd70      	pop	{r4, r5, r6, pc}
10002af6:	4664      	mov	r4, ip
10002af8:	4613      	mov	r3, r2
10002afa:	2c00      	cmp	r4, #0
10002afc:	d1f4      	bne.n	10002ae8 <memset+0x84>
10002afe:	e7f9      	b.n	10002af4 <memset+0x90>
10002b00:	4603      	mov	r3, r0
10002b02:	4614      	mov	r4, r2
10002b04:	e7bd      	b.n	10002a82 <memset+0x1e>
10002b06:	461a      	mov	r2, r3
10002b08:	46a4      	mov	ip, r4
10002b0a:	e7e0      	b.n	10002ace <memset+0x6a>

10002b0c <strlen>:
10002b0c:	f020 0103 	bic.w	r1, r0, #3
10002b10:	f010 0003 	ands.w	r0, r0, #3
10002b14:	f1c0 0000 	rsb	r0, r0, #0
10002b18:	f851 3b04 	ldr.w	r3, [r1], #4
10002b1c:	f100 0c04 	add.w	ip, r0, #4
10002b20:	ea4f 0ccc 	mov.w	ip, ip, lsl #3
10002b24:	f06f 0200 	mvn.w	r2, #0
10002b28:	bf1c      	itt	ne
10002b2a:	fa22 f20c 	lsrne.w	r2, r2, ip
10002b2e:	4313      	orrne	r3, r2
10002b30:	f04f 0c01 	mov.w	ip, #1
10002b34:	ea4c 2c0c 	orr.w	ip, ip, ip, lsl #8
10002b38:	ea4c 4c0c 	orr.w	ip, ip, ip, lsl #16
10002b3c:	eba3 020c 	sub.w	r2, r3, ip
10002b40:	ea22 0203 	bic.w	r2, r2, r3
10002b44:	ea12 12cc 	ands.w	r2, r2, ip, lsl #7
10002b48:	bf04      	itt	eq
10002b4a:	f851 3b04 	ldreq.w	r3, [r1], #4
10002b4e:	3004      	addeq	r0, #4
10002b50:	d0f4      	beq.n	10002b3c <strlen+0x30>
10002b52:	f1c2 0100 	rsb	r1, r2, #0
10002b56:	ea02 0201 	and.w	r2, r2, r1
10002b5a:	fab2 f282 	clz	r2, r2
10002b5e:	f1c2 021f 	rsb	r2, r2, #31
10002b62:	eb00 00d2 	add.w	r0, r0, r2, lsr #3
10002b66:	4770      	bx	lr

10002b68 <_fini>:
10002b68:	b5f8      	push	{r3, r4, r5, r6, r7, lr}
10002b6a:	bf00      	nop
10002b6c:	0000      	movs	r0, r0
	...

10002b70 <____aeabi_uldivmod_veneer>:
10002b70:	f85f f000 	ldr.w	pc, [pc]	@ 10002b74 <____aeabi_uldivmod_veneer+0x4>
10002b74:	20000229 	.word	0x20000229

10002b78 <__mutex_exit_veneer>:
10002b78:	f85f f000 	ldr.w	pc, [pc]	@ 10002b7c <__mutex_exit_veneer+0x4>
10002b7c:	200001ed 	.word	0x200001ed

10002b80 <__mutex_try_enter_block_until_veneer>:
10002b80:	f85f f000 	ldr.w	pc, [pc]	@ 10002b84 <__mutex_try_enter_block_until_veneer+0x4>
10002b84:	20000181 	.word	0x20000181

10002b88 <__pre_init_runtime_init_bootrom_reset>:
10002b88:	100013d1                                ....

10002b8c <__pre_init_runtime_init_early_resets>:
10002b8c:	10001345                                E...

10002b90 <__pre_init_runtime_init_usb_power_down>:
10002b90:	10001379                                y...

10002b94 <__pre_init_runtime_init_clocks>:
10002b94:	10001471                                q...

10002b98 <__pre_init_runtime_init_post_clock_resets>:
10002b98:	100013b1                                ....

10002b9c <__pre_init_runtime_init_boot_locks_reset>:
10002b9c:	100012c9                                ....

10002ba0 <__pre_init_runtime_init_spin_locks_reset>:
10002ba0:	100013f9                                ....

10002ba4 <__pre_init_runtime_init_bootrom_locking_enable>:
10002ba4:	100012b5                                ....

10002ba8 <__pre_init_runtime_init_mutex>:
10002ba8:	100008d9                                ....

10002bac <__pre_init_runtime_init_install_ram_vector_table>:
10002bac:	100013fd                                ....

10002bb0 <__pre_init_runtime_init_default_alarm_pool>:
10002bb0:	10000c51                                Q...

10002bb4 <__pre_init_first_per_core_initializer>:
10002bb4:	10001315                                ....

10002bb8 <__pre_init_runtime_init_per_core_bootrom_reset>:
10002bb8:	100013e5                                ....

10002bbc <__pre_init_runtime_init_per_core_enable_coprocessors>:
10002bbc:	10001395                                ....

10002bc0 <__pre_init_spinlock_set_extexclall>:
10002bc0:	10000521                                !...

10002bc4 <__pre_init_runtime_init_per_core_irq_priorities>:
10002bc4:	10000549                                I...

10002bc8 <__frame_dummy_init_array_entry>:
10002bc8:	10000255                                U...

Disassembly of section .data:

20000110 <mutex_enter_block_until>:
20000110:	f04f 4150 	mov.w	r1, #3489660928	@ 0xd0000000
20000114:	e92d 41f0 	stmdb	sp!, {r4, r5, r6, r7, r8, lr}
20000118:	2700      	movs	r7, #0
2000011a:	4604      	mov	r4, r0
2000011c:	4616      	mov	r6, r2
2000011e:	461d      	mov	r5, r3
20000120:	f8d1 8000 	ldr.w	r8, [r1]
20000124:	e009      	b.n	2000013a <mutex_enter_block_until+0x2a>
20000126:	6823      	ldr	r3, [r4, #0]
20000128:	e8c3 7f8f 	stlb	r7, [r3]
2000012c:	f38c 8810 	msr	PRIMASK, ip
20000130:	4630      	mov	r0, r6
20000132:	4629      	mov	r1, r5
20000134:	f000 fa08 	bl	20000548 <__best_effort_wfe_or_timeout_veneer>
20000138:	b9f0      	cbnz	r0, 20000178 <mutex_enter_block_until+0x68>
2000013a:	6821      	ldr	r1, [r4, #0]
2000013c:	f3ef 8c10 	mrs	ip, PRIMASK
20000140:	b672      	cpsid	i
20000142:	e8d1 2fcf 	ldaexb	r2, [r1]
20000146:	2301      	movs	r3, #1
20000148:	2a00      	cmp	r2, #0
2000014a:	d1fa      	bne.n	20000142 <mutex_enter_block_until+0x32>
2000014c:	e8c1 3f42 	strexb	r2, r3, [r1]
20000150:	2a00      	cmp	r2, #0
20000152:	d1f6      	bne.n	20000142 <mutex_enter_block_until+0x32>
20000154:	f3bf 8f5f 	dmb	sy
20000158:	f994 e004 	ldrsb.w	lr, [r4, #4]
2000015c:	f1be 0f00 	cmp.w	lr, #0
20000160:	dae1      	bge.n	20000126 <mutex_enter_block_until+0x16>
20000162:	2300      	movs	r3, #0
20000164:	6822      	ldr	r2, [r4, #0]
20000166:	f884 8004 	strb.w	r8, [r4, #4]
2000016a:	e8c2 3f8f 	stlb	r3, [r2]
2000016e:	f38c 8810 	msr	PRIMASK, ip
20000172:	2001      	movs	r0, #1
20000174:	e8bd 81f0 	ldmia.w	sp!, {r4, r5, r6, r7, r8, pc}
20000178:	2000      	movs	r0, #0
2000017a:	e8bd 81f0 	ldmia.w	sp!, {r4, r5, r6, r7, r8, pc}
2000017e:	bf00      	nop

20000180 <mutex_try_enter_block_until>:
20000180:	b530      	push	{r4, r5, lr}
20000182:	4601      	mov	r1, r0
20000184:	6804      	ldr	r4, [r0, #0]
20000186:	f3ef 8c10 	mrs	ip, PRIMASK
2000018a:	b672      	cpsid	i
2000018c:	e8d4 efcf 	ldaexb	lr, [r4]
20000190:	2501      	movs	r5, #1
20000192:	f1be 0f00 	cmp.w	lr, #0
20000196:	d1f9      	bne.n	2000018c <mutex_try_enter_block_until+0xc>
20000198:	e8c4 5f4e 	strexb	lr, r5, [r4]
2000019c:	f1be 0f00 	cmp.w	lr, #0
200001a0:	d1f4      	bne.n	2000018c <mutex_try_enter_block_until+0xc>
200001a2:	f3bf 8f5f 	dmb	sy
200001a6:	f990 4004 	ldrsb.w	r4, [r0, #4]
200001aa:	2c00      	cmp	r4, #0
200001ac:	db11      	blt.n	200001d2 <mutex_try_enter_block_until+0x52>
200001ae:	2100      	movs	r1, #0
200001b0:	6805      	ldr	r5, [r0, #0]
200001b2:	e8c5 1f8f 	stlb	r1, [r5]
200001b6:	f38c 8810 	msr	PRIMASK, ip
200001ba:	f04f 4c50 	mov.w	ip, #3489660928	@ 0xd0000000
200001be:	f99c c000 	ldrsb.w	ip, [ip]
200001c2:	45a4      	cmp	ip, r4
200001c4:	d101      	bne.n	200001ca <mutex_try_enter_block_until+0x4a>
200001c6:	4608      	mov	r0, r1
200001c8:	bd30      	pop	{r4, r5, pc}
200001ca:	e8bd 4030 	ldmia.w	sp!, {r4, r5, lr}
200001ce:	f7ff bf9f 	b.w	20000110 <mutex_enter_block_until>
200001d2:	f04f 4050 	mov.w	r0, #3489660928	@ 0xd0000000
200001d6:	6800      	ldr	r0, [r0, #0]
200001d8:	2300      	movs	r3, #0
200001da:	680a      	ldr	r2, [r1, #0]
200001dc:	7108      	strb	r0, [r1, #4]
200001de:	e8c2 3f8f 	stlb	r3, [r2]
200001e2:	f38c 8810 	msr	PRIMASK, ip
200001e6:	2001      	movs	r0, #1
200001e8:	bd30      	pop	{r4, r5, pc}
200001ea:	bf00      	nop

200001ec <mutex_exit>:
200001ec:	6803      	ldr	r3, [r0, #0]
200001ee:	f3ef 8210 	mrs	r2, PRIMASK
200001f2:	b672      	cpsid	i
200001f4:	e8d3 cfcf 	ldaexb	ip, [r3]
200001f8:	2101      	movs	r1, #1
200001fa:	f1bc 0f00 	cmp.w	ip, #0
200001fe:	d1f9      	bne.n	200001f4 <mutex_exit+0x8>
20000200:	e8c3 1f4c 	strexb	ip, r1, [r3]
20000204:	f1bc 0f00 	cmp.w	ip, #0
20000208:	d1f4      	bne.n	200001f4 <mutex_exit+0x8>
2000020a:	f3bf 8f5f 	dmb	sy
2000020e:	f04f 0cff 	mov.w	ip, #255	@ 0xff
20000212:	2300      	movs	r3, #0
20000214:	6801      	ldr	r1, [r0, #0]
20000216:	f880 c004 	strb.w	ip, [r0, #4]
2000021a:	e8c1 3f8f 	stlb	r3, [r1]
2000021e:	f382 8810 	msr	PRIMASK, r2
20000222:	bf40      	sev
20000224:	4770      	bx	lr
20000226:	bf00      	nop

20000228 <__aeabi_uldivmod>:
20000228:	b953      	cbnz	r3, 20000240 <__aeabi_uldivmod+0x18>
2000022a:	b94a      	cbnz	r2, 20000240 <__aeabi_uldivmod+0x18>
2000022c:	2900      	cmp	r1, #0
2000022e:	bf08      	it	eq
20000230:	2800      	cmpeq	r0, #0
20000232:	bf1c      	itt	ne
20000234:	f04f 31ff 	movne.w	r1, #4294967295	@ 0xffffffff
20000238:	f04f 30ff 	movne.w	r0, #4294967295	@ 0xffffffff
2000023c:	f000 b982 	b.w	20000544 <__aeabi_idiv0>
20000240:	f1ad 0c08 	sub.w	ip, sp, #8
20000244:	e96d ce04 	strd	ip, lr, [sp, #-16]!
20000248:	f000 f806 	bl	20000258 <__udivmoddi4>
2000024c:	f8dd e004 	ldr.w	lr, [sp, #4]
20000250:	e9dd 2302 	ldrd	r2, r3, [sp, #8]
20000254:	b004      	add	sp, #16
20000256:	4770      	bx	lr

20000258 <__udivmoddi4>:
20000258:	e92d 4ff0 	stmdb	sp!, {r4, r5, r6, r7, r8, r9, sl, fp, lr}
2000025c:	9d09      	ldr	r5, [sp, #36]	@ 0x24
2000025e:	460c      	mov	r4, r1
20000260:	2b00      	cmp	r3, #0
20000262:	d14d      	bne.n	20000300 <__udivmoddi4+0xa8>
20000264:	428a      	cmp	r2, r1
20000266:	460f      	mov	r7, r1
20000268:	4684      	mov	ip, r0
2000026a:	4696      	mov	lr, r2
2000026c:	fab2 f382 	clz	r3, r2
20000270:	d960      	bls.n	20000334 <__udivmoddi4+0xdc>
20000272:	b14b      	cbz	r3, 20000288 <__udivmoddi4+0x30>
20000274:	fa02 fe03 	lsl.w	lr, r2, r3
20000278:	f1c3 0220 	rsb	r2, r3, #32
2000027c:	409f      	lsls	r7, r3
2000027e:	fa00 fc03 	lsl.w	ip, r0, r3
20000282:	fa20 f202 	lsr.w	r2, r0, r2
20000286:	4317      	orrs	r7, r2
20000288:	ea4f 461e 	mov.w	r6, lr, lsr #16
2000028c:	fa1f f48e 	uxth.w	r4, lr
20000290:	ea4f 421c 	mov.w	r2, ip, lsr #16
20000294:	fbb7 f1f6 	udiv	r1, r7, r6
20000298:	fb06 7711 	mls	r7, r6, r1, r7
2000029c:	fb01 f004 	mul.w	r0, r1, r4
200002a0:	ea42 4207 	orr.w	r2, r2, r7, lsl #16
200002a4:	4290      	cmp	r0, r2
200002a6:	d908      	bls.n	200002ba <__udivmoddi4+0x62>
200002a8:	eb1e 0202 	adds.w	r2, lr, r2
200002ac:	f101 37ff 	add.w	r7, r1, #4294967295	@ 0xffffffff
200002b0:	d202      	bcs.n	200002b8 <__udivmoddi4+0x60>
200002b2:	4290      	cmp	r0, r2
200002b4:	f200 8131 	bhi.w	2000051a <__udivmoddi4+0x2c2>
200002b8:	4639      	mov	r1, r7
200002ba:	1a12      	subs	r2, r2, r0
200002bc:	fa1f fc8c 	uxth.w	ip, ip
200002c0:	fbb2 f0f6 	udiv	r0, r2, r6
200002c4:	fb06 2210 	mls	r2, r6, r0, r2
200002c8:	fb00 f404 	mul.w	r4, r0, r4
200002cc:	ea4c 4c02 	orr.w	ip, ip, r2, lsl #16
200002d0:	4564      	cmp	r4, ip
200002d2:	d908      	bls.n	200002e6 <__udivmoddi4+0x8e>
200002d4:	eb1e 0c0c 	adds.w	ip, lr, ip
200002d8:	f100 32ff 	add.w	r2, r0, #4294967295	@ 0xffffffff
200002dc:	d202      	bcs.n	200002e4 <__udivmoddi4+0x8c>
200002de:	4564      	cmp	r4, ip
200002e0:	f200 811e 	bhi.w	20000520 <__udivmoddi4+0x2c8>
200002e4:	4610      	mov	r0, r2
200002e6:	ea40 4001 	orr.w	r0, r0, r1, lsl #16
200002ea:	ebac 0c04 	sub.w	ip, ip, r4
200002ee:	2100      	movs	r1, #0
200002f0:	b125      	cbz	r5, 200002fc <__udivmoddi4+0xa4>
200002f2:	fa2c f303 	lsr.w	r3, ip, r3
200002f6:	2200      	movs	r2, #0
200002f8:	e9c5 3200 	strd	r3, r2, [r5]
200002fc:	e8bd 8ff0 	ldmia.w	sp!, {r4, r5, r6, r7, r8, r9, sl, fp, pc}
20000300:	428b      	cmp	r3, r1
20000302:	d905      	bls.n	20000310 <__udivmoddi4+0xb8>
20000304:	b10d      	cbz	r5, 2000030a <__udivmoddi4+0xb2>
20000306:	e9c5 0100 	strd	r0, r1, [r5]
2000030a:	2100      	movs	r1, #0
2000030c:	4608      	mov	r0, r1
2000030e:	e7f5      	b.n	200002fc <__udivmoddi4+0xa4>
20000310:	fab3 f183 	clz	r1, r3
20000314:	2900      	cmp	r1, #0
20000316:	d14d      	bne.n	200003b4 <__udivmoddi4+0x15c>
20000318:	42a3      	cmp	r3, r4
2000031a:	f0c0 80f3 	bcc.w	20000504 <__udivmoddi4+0x2ac>
2000031e:	4290      	cmp	r0, r2
20000320:	f080 80f0 	bcs.w	20000504 <__udivmoddi4+0x2ac>
20000324:	4606      	mov	r6, r0
20000326:	4623      	mov	r3, r4
20000328:	4608      	mov	r0, r1
2000032a:	2d00      	cmp	r5, #0
2000032c:	d0e6      	beq.n	200002fc <__udivmoddi4+0xa4>
2000032e:	e9c5 6300 	strd	r6, r3, [r5]
20000332:	e7e3      	b.n	200002fc <__udivmoddi4+0xa4>
20000334:	2b00      	cmp	r3, #0
20000336:	f040 80a3 	bne.w	20000480 <__udivmoddi4+0x228>
2000033a:	1a8a      	subs	r2, r1, r2
2000033c:	ea4f 471e 	mov.w	r7, lr, lsr #16
20000340:	fa1f f68e 	uxth.w	r6, lr
20000344:	2101      	movs	r1, #1
20000346:	fbb2 f4f7 	udiv	r4, r2, r7
2000034a:	fb07 2014 	mls	r0, r7, r4, r2
2000034e:	ea4f 421c 	mov.w	r2, ip, lsr #16
20000352:	ea42 4200 	orr.w	r2, r2, r0, lsl #16
20000356:	fb06 f004 	mul.w	r0, r6, r4
2000035a:	4290      	cmp	r0, r2
2000035c:	d90f      	bls.n	2000037e <__udivmoddi4+0x126>
2000035e:	eb1e 0202 	adds.w	r2, lr, r2
20000362:	f104 38ff 	add.w	r8, r4, #4294967295	@ 0xffffffff
20000366:	bf2c      	ite	cs
20000368:	f04f 0901 	movcs.w	r9, #1
2000036c:	f04f 0900 	movcc.w	r9, #0
20000370:	4290      	cmp	r0, r2
20000372:	d903      	bls.n	2000037c <__udivmoddi4+0x124>
20000374:	f1b9 0f00 	cmp.w	r9, #0
20000378:	f000 80cc 	beq.w	20000514 <__udivmoddi4+0x2bc>
2000037c:	4644      	mov	r4, r8
2000037e:	1a12      	subs	r2, r2, r0
20000380:	fa1f fc8c 	uxth.w	ip, ip
20000384:	fbb2 f0f7 	udiv	r0, r2, r7
20000388:	fb07 2210 	mls	r2, r7, r0, r2
2000038c:	fb00 f606 	mul.w	r6, r0, r6
20000390:	ea4c 4c02 	orr.w	ip, ip, r2, lsl #16
20000394:	4566      	cmp	r6, ip
20000396:	d908      	bls.n	200003aa <__udivmoddi4+0x152>
20000398:	eb1e 0c0c 	adds.w	ip, lr, ip
2000039c:	f100 32ff 	add.w	r2, r0, #4294967295	@ 0xffffffff
200003a0:	d202      	bcs.n	200003a8 <__udivmoddi4+0x150>
200003a2:	4566      	cmp	r6, ip
200003a4:	f200 80b3 	bhi.w	2000050e <__udivmoddi4+0x2b6>
200003a8:	4610      	mov	r0, r2
200003aa:	ebac 0c06 	sub.w	ip, ip, r6
200003ae:	ea40 4004 	orr.w	r0, r0, r4, lsl #16
200003b2:	e79d      	b.n	200002f0 <__udivmoddi4+0x98>
200003b4:	f1c1 0620 	rsb	r6, r1, #32
200003b8:	408b      	lsls	r3, r1
200003ba:	fa04 fe01 	lsl.w	lr, r4, r1
200003be:	fa22 f706 	lsr.w	r7, r2, r6
200003c2:	fa20 fc06 	lsr.w	ip, r0, r6
200003c6:	40f4      	lsrs	r4, r6
200003c8:	408a      	lsls	r2, r1
200003ca:	431f      	orrs	r7, r3
200003cc:	ea4e 030c 	orr.w	r3, lr, ip
200003d0:	fa00 fe01 	lsl.w	lr, r0, r1
200003d4:	ea4f 4817 	mov.w	r8, r7, lsr #16
200003d8:	ea4f 4913 	mov.w	r9, r3, lsr #16
200003dc:	fa1f fc87 	uxth.w	ip, r7
200003e0:	fbb4 f0f8 	udiv	r0, r4, r8
200003e4:	fb08 4410 	mls	r4, r8, r0, r4
200003e8:	ea49 4404 	orr.w	r4, r9, r4, lsl #16
200003ec:	fb00 f90c 	mul.w	r9, r0, ip
200003f0:	45a1      	cmp	r9, r4
200003f2:	d90e      	bls.n	20000412 <__udivmoddi4+0x1ba>
200003f4:	193c      	adds	r4, r7, r4
200003f6:	f100 3aff 	add.w	sl, r0, #4294967295	@ 0xffffffff
200003fa:	bf2c      	ite	cs
200003fc:	f04f 0b01 	movcs.w	fp, #1
20000400:	f04f 0b00 	movcc.w	fp, #0
20000404:	45a1      	cmp	r9, r4
20000406:	d903      	bls.n	20000410 <__udivmoddi4+0x1b8>
20000408:	f1bb 0f00 	cmp.w	fp, #0
2000040c:	f000 808b 	beq.w	20000526 <__udivmoddi4+0x2ce>
20000410:	4650      	mov	r0, sl
20000412:	eba4 0409 	sub.w	r4, r4, r9
20000416:	fa1f f983 	uxth.w	r9, r3
2000041a:	fbb4 f3f8 	udiv	r3, r4, r8
2000041e:	fb08 4413 	mls	r4, r8, r3, r4
20000422:	fb03 fc0c 	mul.w	ip, r3, ip
20000426:	ea49 4404 	orr.w	r4, r9, r4, lsl #16
2000042a:	45a4      	cmp	ip, r4
2000042c:	d906      	bls.n	2000043c <__udivmoddi4+0x1e4>
2000042e:	193c      	adds	r4, r7, r4
20000430:	f103 38ff 	add.w	r8, r3, #4294967295	@ 0xffffffff
20000434:	d201      	bcs.n	2000043a <__udivmoddi4+0x1e2>
20000436:	45a4      	cmp	ip, r4
20000438:	d87b      	bhi.n	20000532 <__udivmoddi4+0x2da>
2000043a:	4643      	mov	r3, r8
2000043c:	ea43 4000 	orr.w	r0, r3, r0, lsl #16
20000440:	eba4 040c 	sub.w	r4, r4, ip
20000444:	fba0 9802 	umull	r9, r8, r0, r2
20000448:	4544      	cmp	r4, r8
2000044a:	46cc      	mov	ip, r9
2000044c:	4643      	mov	r3, r8
2000044e:	d302      	bcc.n	20000456 <__udivmoddi4+0x1fe>
20000450:	d106      	bne.n	20000460 <__udivmoddi4+0x208>
20000452:	45ce      	cmp	lr, r9
20000454:	d204      	bcs.n	20000460 <__udivmoddi4+0x208>
20000456:	3801      	subs	r0, #1
20000458:	ebb9 0c02 	subs.w	ip, r9, r2
2000045c:	eb68 0307 	sbc.w	r3, r8, r7
20000460:	2d00      	cmp	r5, #0
20000462:	d06c      	beq.n	2000053e <__udivmoddi4+0x2e6>
20000464:	ebbe 020c 	subs.w	r2, lr, ip
20000468:	eb64 0403 	sbc.w	r4, r4, r3
2000046c:	fa22 f301 	lsr.w	r3, r2, r1
20000470:	fa04 f606 	lsl.w	r6, r4, r6
20000474:	40cc      	lsrs	r4, r1
20000476:	2100      	movs	r1, #0
20000478:	431e      	orrs	r6, r3
2000047a:	e9c5 6400 	strd	r6, r4, [r5]
2000047e:	e73d      	b.n	200002fc <__udivmoddi4+0xa4>
20000480:	fa02 fe03 	lsl.w	lr, r2, r3
20000484:	f1c3 0120 	rsb	r1, r3, #32
20000488:	fa04 f203 	lsl.w	r2, r4, r3
2000048c:	fa00 fc03 	lsl.w	ip, r0, r3
20000490:	40cc      	lsrs	r4, r1
20000492:	ea4f 471e 	mov.w	r7, lr, lsr #16
20000496:	fa20 f101 	lsr.w	r1, r0, r1
2000049a:	fa1f f68e 	uxth.w	r6, lr
2000049e:	fbb4 f0f7 	udiv	r0, r4, r7
200004a2:	430a      	orrs	r2, r1
200004a4:	fb07 4410 	mls	r4, r7, r0, r4
200004a8:	0c11      	lsrs	r1, r2, #16
200004aa:	ea41 4104 	orr.w	r1, r1, r4, lsl #16
200004ae:	fb00 f406 	mul.w	r4, r0, r6
200004b2:	428c      	cmp	r4, r1
200004b4:	d90e      	bls.n	200004d4 <__udivmoddi4+0x27c>
200004b6:	eb1e 0101 	adds.w	r1, lr, r1
200004ba:	f100 38ff 	add.w	r8, r0, #4294967295	@ 0xffffffff
200004be:	bf2c      	ite	cs
200004c0:	f04f 0901 	movcs.w	r9, #1
200004c4:	f04f 0900 	movcc.w	r9, #0
200004c8:	428c      	cmp	r4, r1
200004ca:	d902      	bls.n	200004d2 <__udivmoddi4+0x27a>
200004cc:	f1b9 0f00 	cmp.w	r9, #0
200004d0:	d02c      	beq.n	2000052c <__udivmoddi4+0x2d4>
200004d2:	4640      	mov	r0, r8
200004d4:	1b09      	subs	r1, r1, r4
200004d6:	b292      	uxth	r2, r2
200004d8:	fbb1 f4f7 	udiv	r4, r1, r7
200004dc:	fb07 1114 	mls	r1, r7, r4, r1
200004e0:	ea42 4201 	orr.w	r2, r2, r1, lsl #16
200004e4:	fb04 f106 	mul.w	r1, r4, r6
200004e8:	4291      	cmp	r1, r2
200004ea:	d907      	bls.n	200004fc <__udivmoddi4+0x2a4>
200004ec:	eb1e 0202 	adds.w	r2, lr, r2
200004f0:	f104 38ff 	add.w	r8, r4, #4294967295	@ 0xffffffff
200004f4:	d201      	bcs.n	200004fa <__udivmoddi4+0x2a2>
200004f6:	4291      	cmp	r1, r2
200004f8:	d81e      	bhi.n	20000538 <__udivmoddi4+0x2e0>
200004fa:	4644      	mov	r4, r8
200004fc:	1a52      	subs	r2, r2, r1
200004fe:	ea44 4100 	orr.w	r1, r4, r0, lsl #16
20000502:	e720      	b.n	20000346 <__udivmoddi4+0xee>
20000504:	1a86      	subs	r6, r0, r2
20000506:	eb64 0303 	sbc.w	r3, r4, r3
2000050a:	2001      	movs	r0, #1
2000050c:	e70d      	b.n	2000032a <__udivmoddi4+0xd2>
2000050e:	44f4      	add	ip, lr
20000510:	3802      	subs	r0, #2
20000512:	e74a      	b.n	200003aa <__udivmoddi4+0x152>
20000514:	3c02      	subs	r4, #2
20000516:	4472      	add	r2, lr
20000518:	e731      	b.n	2000037e <__udivmoddi4+0x126>
2000051a:	3902      	subs	r1, #2
2000051c:	4472      	add	r2, lr
2000051e:	e6cc      	b.n	200002ba <__udivmoddi4+0x62>
20000520:	44f4      	add	ip, lr
20000522:	3802      	subs	r0, #2
20000524:	e6df      	b.n	200002e6 <__udivmoddi4+0x8e>
20000526:	3802      	subs	r0, #2
20000528:	443c      	add	r4, r7
2000052a:	e772      	b.n	20000412 <__udivmoddi4+0x1ba>
2000052c:	3802      	subs	r0, #2
2000052e:	4471      	add	r1, lr
20000530:	e7d0      	b.n	200004d4 <__udivmoddi4+0x27c>
20000532:	3b02      	subs	r3, #2
20000534:	443c      	add	r4, r7
20000536:	e781      	b.n	2000043c <__udivmoddi4+0x1e4>
20000538:	3c02      	subs	r4, #2
2000053a:	4472      	add	r2, lr
2000053c:	e7de      	b.n	200004fc <__udivmoddi4+0x2a4>
2000053e:	4629      	mov	r1, r5
20000540:	e6dc      	b.n	200002fc <__udivmoddi4+0xa4>
20000542:	bf00      	nop

20000544 <__aeabi_idiv0>:
20000544:	4770      	bx	lr
20000546:	bf00      	nop

20000548 <__best_effort_wfe_or_timeout_veneer>:
20000548:	f85f f000 	ldr.w	pc, [pc]	@ 2000054c <__best_effort_wfe_or_timeout_veneer+0x4>
2000054c:	10000e99 	.word	0x10000e99

20000550 <striped_spin_lock_num>:
20000550:	00000010                                ....

20000554 <irq_handler_chain_slots>:
20000554:	00000000 	.word	0x00000000
20000558:	00010000 	.word	0x00010000
	...
20000564:	00020000 	.word	0x00020000
	...
20000570:	00030000 	.word	0x00030000
	...
2000057c:	00ff0000 	.word	0x00ff0000
20000580:	00000000 	.word	0x00000000

20000584 <irq_handler_chain_first_slot>:
20000584:	b501      	push	{r0, lr}
20000586:	6848      	ldr	r0, [r1, #4]
20000588:	3101      	adds	r1, #1
2000058a:	468e      	mov	lr, r1
2000058c:	4700      	bx	r0

2000058e <irq_handler_chain_remove_tail>:
2000058e:	4670      	mov	r0, lr
20000590:	3809      	subs	r0, #9
20000592:	4901      	ldr	r1, [pc, #4]	@ (20000598 <irq_handler_chain_remove_tail+0xa>)
20000594:	4788      	blx	r1
20000596:	bd01      	pop	{r0, pc}
20000598:	10000811 	.word	0x10000811

2000059c <default_alarm_pool>:
	...
200005b0:	200005d8                                ... 

200005b4 <stdio_uart>:
200005b4:	10001859 1000195d 100018a9 1000196d     Y...].......m...
200005c4:	00000000 00000100                       ........

200005cc <print_mutex>:
	...
